  [1m[35m (219.0ms)[0m  [1m[35mCREATE DATABASE "backend_development" ENCODING = 'unicode'[0m
  [1m[35m (1.2ms)[0m  [1m[35mCREATE DATABASE "backend_test" ENCODING = 'unicode'[0m
  [1m[35m (12.8ms)[0m  [1m[35mCREATE TABLE "schema_migrations" ("version" character varying NOT NULL PRIMARY KEY)[0m
  [1m[35m (9.4ms)[0m  [1m[35mCREATE TABLE "ar_internal_metadata" ("key" character varying NOT NULL PRIMARY KEY, "value" character varying, "created_at" timestamp(6) NOT NULL, "updated_at" timestamp(6) NOT NULL)[0m
  [1m[35m (0.2ms)[0m  [1m[34mSELECT pg_try_advisory_lock(5073945470573576205)[0m
  [1m[36mActiveRecord::SchemaMigration Load (0.7ms)[0m  [1m[34mSELECT "schema_migrations"."version" FROM "schema_migrations" ORDER BY "schema_migrations"."version" ASC[0m
  [1m[36mActiveRecord::InternalMetadata Load (1.4ms)[0m  [1m[34mSELECT * FROM "ar_internal_metadata" WHERE "ar_internal_metadata"."key" = $1 ORDER BY "ar_internal_metadata"."key" ASC LIMIT 1[0m  [[nil, "environment"]]
  [1m[36mActiveRecord::InternalMetadata Create (2.2ms)[0m  [1m[32mINSERT INTO "ar_internal_metadata" ("key", "value", "created_at", "updated_at") VALUES ('environment', 'development', '2026-05-02 12:37:26.211760', '2026-05-02 12:37:26.211765') RETURNING "key"[0m
Migrating to CreateWorkspaces (20260502121453)
  [1m[36mTRANSACTION (0.2ms)[0m  [1m[35mBEGIN[0m
  [1m[35m (9.5ms)[0m  [1m[35mCREATE TABLE "workspaces" ("id" bigserial primary key, "name" character varying NOT NULL, "business_type" character varying, "plan" character varying DEFAULT 'Growth' NOT NULL, "created_at" timestamp(6) NOT NULL, "updated_at" timestamp(6) NOT NULL)[0m
  [1m[36mActiveRecord::SchemaMigration Create (0.5ms)[0m  [1m[32mINSERT INTO "schema_migrations" ("version") VALUES ('20260502121453') RETURNING "version"[0m
  [1m[36mTRANSACTION (1.3ms)[0m  [1m[35mCOMMIT[0m
Migrating to CreateUsers (20260502121454)
  [1m[36mTRANSACTION (0.2ms)[0m  [1m[35mBEGIN[0m
  [1m[35m (10.1ms)[0m  [1m[35mCREATE TABLE "users" ("id" bigserial primary key, "workspace_id" bigint NOT NULL, "name" character varying NOT NULL, "email" character varying NOT NULL, "password_digest" character varying NOT NULL, "role" character varying DEFAULT 'staff' NOT NULL, "created_at" timestamp(6) NOT NULL, "updated_at" timestamp(6) NOT NULL, CONSTRAINT "fk_rails_73214f707d"
FOREIGN KEY ("workspace_id")
  REFERENCES "workspaces" ("id")
)[0m
  [1m[35m (3.3ms)[0m  [1m[35mCREATE INDEX "index_users_on_workspace_id" ON "users" ("workspace_id")[0m
  [1m[35m (3.4ms)[0m  [1m[35mCREATE UNIQUE INDEX "index_users_on_email" ON "users" ("email")[0m
  [1m[36mActiveRecord::SchemaMigration Create (0.3ms)[0m  [1m[32mINSERT INTO "schema_migrations" ("version") VALUES ('20260502121454') RETURNING "version"[0m
  [1m[36mTRANSACTION (1.4ms)[0m  [1m[35mCOMMIT[0m
Migrating to CreateLeads (20260502121502)
  [1m[36mTRANSACTION (0.2ms)[0m  [1m[35mBEGIN[0m
  [1m[35m (8.8ms)[0m  [1m[35mCREATE TABLE "leads" ("id" bigserial primary key, "workspace_id" bigint NOT NULL, "assigned_to_id" bigint, "name" character varying NOT NULL, "email" character varying, "phone" character varying, "company_name" character varying, "source" character varying, "status" character varying DEFAULT 'New' NOT NULL, "estimated_value" decimal(12,2) DEFAULT 0.0, "priority" character varying DEFAULT 'Medium' NOT NULL, "next_follow_up_at" timestamp(6), "notes_summary" text, "created_at" timestamp(6) NOT NULL, "updated_at" timestamp(6) NOT NULL, CONSTRAINT "fk_rails_08a9cd0b0b"
FOREIGN KEY ("workspace_id")
  REFERENCES "workspaces" ("id")
, CONSTRAINT "fk_rails_e68b669097"
FOREIGN KEY ("assigned_to_id")
  REFERENCES "users" ("id")
)[0m
  [1m[35m (3.0ms)[0m  [1m[35mCREATE INDEX "index_leads_on_workspace_id" ON "leads" ("workspace_id")[0m
  [1m[35m (3.0ms)[0m  [1m[35mCREATE INDEX "index_leads_on_assigned_to_id" ON "leads" ("assigned_to_id")[0m
  [1m[35m (3.3ms)[0m  [1m[35mCREATE INDEX "index_leads_on_workspace_id_and_status" ON "leads" ("workspace_id", "status")[0m
  [1m[35m (3.5ms)[0m  [1m[35mCREATE INDEX "index_leads_on_workspace_id_and_next_follow_up_at" ON "leads" ("workspace_id", "next_follow_up_at")[0m
  [1m[36mActiveRecord::SchemaMigration Create (0.4ms)[0m  [1m[32mINSERT INTO "schema_migrations" ("version") VALUES ('20260502121502') RETURNING "version"[0m
  [1m[36mTRANSACTION (1.4ms)[0m  [1m[35mCOMMIT[0m
Migrating to CreateNotes (20260502121503)
  [1m[36mTRANSACTION (0.3ms)[0m  [1m[35mBEGIN[0m
  [1m[35m (11.4ms)[0m  [1m[35mCREATE TABLE "notes" ("id" bigserial primary key, "lead_id" bigint NOT NULL, "user_id" bigint NOT NULL, "body" text NOT NULL, "created_at" timestamp(6) NOT NULL, "updated_at" timestamp(6) NOT NULL, CONSTRAINT "fk_rails_c82accd29c"
FOREIGN KEY ("lead_id")
  REFERENCES "leads" ("id")
, CONSTRAINT "fk_rails_7f2323ad43"
FOREIGN KEY ("user_id")
  REFERENCES "users" ("id")
)[0m
  [1m[35m (3.1ms)[0m  [1m[35mCREATE INDEX "index_notes_on_lead_id" ON "notes" ("lead_id")[0m
  [1m[35m (3.2ms)[0m  [1m[35mCREATE INDEX "index_notes_on_user_id" ON "notes" ("user_id")[0m
  [1m[36mActiveRecord::SchemaMigration Create (0.3ms)[0m  [1m[32mINSERT INTO "schema_migrations" ("version") VALUES ('20260502121503') RETURNING "version"[0m
  [1m[36mTRANSACTION (1.4ms)[0m  [1m[35mCOMMIT[0m
Migrating to CreateActivityLogs (20260502121504)
  [1m[36mTRANSACTION (0.2ms)[0m  [1m[35mBEGIN[0m
  [1m[35m (10.3ms)[0m  [1m[35mCREATE TABLE "activity_logs" ("id" bigserial primary key, "workspace_id" bigint NOT NULL, "lead_id" bigint, "user_id" bigint NOT NULL, "action" character varying NOT NULL, "metadata" jsonb DEFAULT '{}' NOT NULL, "created_at" timestamp(6) NOT NULL, "updated_at" timestamp(6) NOT NULL, CONSTRAINT "fk_rails_5d31817ab8"
FOREIGN KEY ("workspace_id")
  REFERENCES "workspaces" ("id")
, CONSTRAINT "fk_rails_0906a71c07"
FOREIGN KEY ("lead_id")
  REFERENCES "leads" ("id")
, CONSTRAINT "fk_rails_c9badf82db"
FOREIGN KEY ("user_id")
  REFERENCES "users" ("id")
)[0m
  [1m[35m (3.1ms)[0m  [1m[35mCREATE INDEX "index_activity_logs_on_workspace_id" ON "activity_logs" ("workspace_id")[0m
  [1m[35m (3.1ms)[0m  [1m[35mCREATE INDEX "index_activity_logs_on_lead_id" ON "activity_logs" ("lead_id")[0m
  [1m[35m (3.0ms)[0m  [1m[35mCREATE INDEX "index_activity_logs_on_user_id" ON "activity_logs" ("user_id")[0m
  [1m[35m (2.9ms)[0m  [1m[35mCREATE INDEX "index_activity_logs_on_workspace_id_and_created_at" ON "activity_logs" ("workspace_id", "created_at")[0m
  [1m[36mActiveRecord::SchemaMigration Create (0.3ms)[0m  [1m[32mINSERT INTO "schema_migrations" ("version") VALUES ('20260502121504') RETURNING "version"[0m
  [1m[36mTRANSACTION (1.6ms)[0m  [1m[35mCOMMIT[0m
  [1m[35m (0.4ms)[0m  [1m[34mSELECT pg_advisory_unlock(5073945470573576205)[0m
  [1m[36mActiveRecord::SchemaMigration Load (0.5ms)[0m  [1m[34mSELECT "schema_migrations"."version" FROM "schema_migrations" ORDER BY "schema_migrations"."version" ASC[0m
  [1m[36mActiveRecord::SchemaMigration Load (0.2ms)[0m  [1m[34mSELECT "schema_migrations"."version" FROM "schema_migrations" ORDER BY "schema_migrations"."version" ASC[0m
  [1m[36mActivityLog Load (0.8ms)[0m  [1m[34mSELECT "activity_logs".* FROM "activity_logs"[0m
  [1m[36mNote Load (0.5ms)[0m  [1m[34mSELECT "notes".* FROM "notes"[0m
  [1m[36mLead Load (0.6ms)[0m  [1m[34mSELECT "leads".* FROM "leads"[0m
  [1m[36mUser Load (0.5ms)[0m  [1m[34mSELECT "users".* FROM "users"[0m
  [1m[36mWorkspace Load (0.4ms)[0m  [1m[34mSELECT "workspaces".* FROM "workspaces"[0m
  [1m[36mTRANSACTION (0.2ms)[0m  [1m[35mBEGIN[0m
  [1m[36mWorkspace Create (3.6ms)[0m  [1m[32mINSERT INTO "workspaces" ("name", "business_type", "plan", "created_at", "updated_at") VALUES ($1, $2, $3, $4, $5) RETURNING "id"[0m  [["name", "BluePeak Home Services"], ["business_type", "Home Services"], ["plan", "Growth"], ["created_at", "2026-05-02 12:37:26.588482"], ["updated_at", "2026-05-02 12:37:26.588482"]]
  [1m[36mTRANSACTION (2.0ms)[0m  [1m[35mCOMMIT[0m
  [1m[36mTRANSACTION (0.3ms)[0m  [1m[35mBEGIN[0m
  [1m[36mUser Exists? (1.2ms)[0m  [1m[34mSELECT 1 AS one FROM "users" WHERE LOWER("users"."email") = LOWER($1) LIMIT $2[0m  [["email", "admin@leadflowcrm.com"], ["LIMIT", 1]]
  [1m[36mUser Create (2.5ms)[0m  [1m[32mINSERT INTO "users" ("workspace_id", "name", "email", "password_digest", "role", "created_at", "updated_at") VALUES ($1, $2, $3, $4, $5, $6, $7) RETURNING "id"[0m  [["workspace_id", 1], ["name", "Ava Morgan"], ["email", "admin@leadflowcrm.com"], ["password_digest", "[FILTERED]"], ["role", "owner"], ["created_at", "2026-05-02 12:37:26.927840"], ["updated_at", "2026-05-02 12:37:26.927840"]]
  [1m[36mTRANSACTION (1.7ms)[0m  [1m[35mCOMMIT[0m
  [1m[36mTRANSACTION (0.2ms)[0m  [1m[35mBEGIN[0m
  [1m[36mUser Exists? (2.6ms)[0m  [1m[34mSELECT 1 AS one FROM "users" WHERE LOWER("users"."email") = LOWER($1) LIMIT $2[0m  [["email", "manager@leadflowcrm.com"], ["LIMIT", 1]]
  [1m[36mUser Create (1.1ms)[0m  [1m[32mINSERT INTO "users" ("workspace_id", "name", "email", "password_digest", "role", "created_at", "updated_at") VALUES ($1, $2, $3, $4, $5, $6, $7) RETURNING "id"[0m  [["workspace_id", 1], ["name", "Marcus Reed"], ["email", "manager@leadflowcrm.com"], ["password_digest", "[FILTERED]"], ["role", "manager"], ["created_at", "2026-05-02 12:37:27.214455"], ["updated_at", "2026-05-02 12:37:27.214455"]]
  [1m[36mTRANSACTION (1.7ms)[0m  [1m[35mCOMMIT[0m
  [1m[36mTRANSACTION (0.3ms)[0m  [1m[35mBEGIN[0m
  [1m[36mUser Exists? (2.4ms)[0m  [1m[34mSELECT 1 AS one FROM "users" WHERE LOWER("users"."email") = LOWER($1) LIMIT $2[0m  [["email", "staff@leadflowcrm.com"], ["LIMIT", 1]]
  [1m[36mUser Create (0.9ms)[0m  [1m[32mINSERT INTO "users" ("workspace_id", "name", "email", "password_digest", "role", "created_at", "updated_at") VALUES ($1, $2, $3, $4, $5, $6, $7) RETURNING "id"[0m  [["workspace_id", 1], ["name", "Nina Patel"], ["email", "staff@leadflowcrm.com"], ["password_digest", "[FILTERED]"], ["role", "staff"], ["created_at", "2026-05-02 12:37:27.499797"], ["updated_at", "2026-05-02 12:37:27.499797"]]
  [1m[36mTRANSACTION (1.9ms)[0m  [1m[35mCOMMIT[0m
  [1m[36mTRANSACTION (0.2ms)[0m  [1m[35mBEGIN[0m
  [1m[36mLead Create (3.5ms)[0m  [1m[32mINSERT INTO "leads" ("workspace_id", "assigned_to_id", "name", "email", "phone", "company_name", "source", "status", "estimated_value", "priority", "next_follow_up_at", "notes_summary", "created_at", "updated_at") VALUES ($1, $2, $3, $4, $5, $6, $7, $8, $9, $10, $11, $12, $13, $14) RETURNING "id"[0m  [["workspace_id", 1], ["assigned_to_id", 1], ["name", "Monica Lee"], ["email", "lead1@example.com"], ["phone", "555-0100"], ["company_name", "Harbor Point Apartments"], ["source", "Google Ads"], ["status", "New"], ["estimated_value", "3900.0"], ["priority", "Low"], ["next_follow_up_at", "2026-04-27 11:00:00"], ["notes_summary", "Needs a clear estimate, fast follow-up, and timeline confirmation."], ["created_at", "2026-05-02 12:37:27.540364"], ["updated_at", "2026-05-02 12:37:27.540364"]]
  [1m[36mTRANSACTION (1.4ms)[0m  [1m[35mCOMMIT[0m
  [1m[36mTRANSACTION (0.2ms)[0m  [1m[35mBEGIN[0m
  [1m[36mActivityLog Create (3.1ms)[0m  [1m[32mINSERT INTO "activity_logs" ("workspace_id", "lead_id", "user_id", "action", "metadata", "created_at", "updated_at") VALUES ($1, $2, $3, $4, $5, $6, $7) RETURNING "id"[0m  [["workspace_id", 1], ["lead_id", 1], ["user_id", 1], ["action", "lead_created"], ["metadata", "{\"source\":\"Google Ads\"}"], ["created_at", "2026-05-02 12:37:27.568077"], ["updated_at", "2026-05-02 12:37:27.568077"]]
  [1m[36mTRANSACTION (1.4ms)[0m  [1m[35mCOMMIT[0m
  [1m[36mTRANSACTION (0.2ms)[0m  [1m[35mBEGIN[0m
  [1m[36mNote Create (3.4ms)[0m  [1m[32mINSERT INTO "notes" ("lead_id", "user_id", "body", "created_at", "updated_at") VALUES ($1, $2, $3, $4, $5) RETURNING "id"[0m  [["lead_id", 1], ["user_id", 2], ["body", "Discovery call completed. Client asked for pricing, availability, and insurance details."], ["created_at", "2026-05-02 12:37:27.598658"], ["updated_at", "2026-05-02 12:37:27.598658"]]
  [1m[36mTRANSACTION (1.4ms)[0m  [1m[35mCOMMIT[0m
  [1m[36mTRANSACTION (0.2ms)[0m  [1m[35mBEGIN[0m
  [1m[36mActivityLog Create (2.7ms)[0m  [1m[32mINSERT INTO "activity_logs" ("workspace_id", "lead_id", "user_id", "action", "metadata", "created_at", "updated_at") VALUES ($1, $2, $3, $4, $5, $6, $7) RETURNING "id"[0m  [["workspace_id", 1], ["lead_id", 1], ["user_id", 2], ["action", "note_added"], ["metadata", "{\"note_id\":1}"], ["created_at", "2026-05-02 12:37:27.608156"], ["updated_at", "2026-05-02 12:37:27.608156"]]
  [1m[36mTRANSACTION (1.4ms)[0m  [1m[35mCOMMIT[0m
  [1m[36mTRANSACTION (0.2ms)[0m  [1m[35mBEGIN[0m
  [1m[36mLead Create (2.5ms)[0m  [1m[32mINSERT INTO "leads" ("workspace_id", "assigned_to_id", "name", "email", "phone", "company_name", "source", "status", "estimated_value", "priority", "next_follow_up_at", "notes_summary", "created_at", "updated_at") VALUES ($1, $2, $3, $4, $5, $6, $7, $8, $9, $10, $11, $12, $13, $14) RETURNING "id"[0m  [["workspace_id", 1], ["assigned_to_id", 2], ["name", "Sarah Collins"], ["email", "lead2@example.com"], ["phone", "555-0101"], ["company_name", "Oakline Dental"], ["source", "Website"], ["status", "Contacted"], ["estimated_value", "950.0"], ["priority", "Medium"], ["next_follow_up_at", "2026-04-28 11:00:00"], ["notes_summary", "Needs a clear estimate, fast follow-up, and timeline confirmation."], ["created_at", "2026-05-02 12:37:27.616584"], ["updated_at", "2026-05-02 12:37:27.616584"]]
  [1m[36mTRANSACTION (1.4ms)[0m  [1m[35mCOMMIT[0m
  [1m[36mTRANSACTION (0.3ms)[0m  [1m[35mBEGIN[0m
  [1m[36mActivityLog Create (2.4ms)[0m  [1m[32mINSERT INTO "activity_logs" ("workspace_id", "lead_id", "user_id", "action", "metadata", "created_at", "updated_at") VALUES ($1, $2, $3, $4, $5, $6, $7) RETURNING "id"[0m  [["workspace_id", 1], ["lead_id", 2], ["user_id", 2], ["action", "lead_created"], ["metadata", "{\"source\":\"Website\"}"], ["created_at", "2026-05-02 12:37:27.625197"], ["updated_at", "2026-05-02 12:37:27.625197"]]
  [1m[36mTRANSACTION (1.4ms)[0m  [1m[35mCOMMIT[0m
  [1m[36mTRANSACTION (0.3ms)[0m  [1m[35mBEGIN[0m
  [1m[36mActivityLog Create (2.9ms)[0m  [1m[32mINSERT INTO "activity_logs" ("workspace_id", "lead_id", "user_id", "action", "metadata", "created_at", "updated_at") VALUES ($1, $2, $3, $4, $5, $6, $7) RETURNING "id"[0m  [["workspace_id", 1], ["lead_id", 2], ["user_id", 2], ["action", "status_changed"], ["metadata", "{\"from\":\"New\",\"to\":\"Contacted\"}"], ["created_at", "2026-05-02 12:37:27.632826"], ["updated_at", "2026-05-02 12:37:27.632826"]]
  [1m[36mTRANSACTION (1.4ms)[0m  [1m[35mCOMMIT[0m
  [1m[36mTRANSACTION (0.2ms)[0m  [1m[35mBEGIN[0m
  [1m[36mLead Create (2.6ms)[0m  [1m[32mINSERT INTO "leads" ("workspace_id", "assigned_to_id", "name", "email", "phone", "company_name", "source", "status", "estimated_value", "priority", "next_follow_up_at", "notes_summary", "created_at", "updated_at") VALUES ($1, $2, $3, $4, $5, $6, $7, $8, $9, $10, $11, $12, $13, $14) RETURNING "id"[0m  [["workspace_id", 1], ["assigned_to_id", 3], ["name", "Sarah Collins"], ["email", "lead3@example.com"], ["phone", "555-0102"], ["company_name", "Riverbend Realty"], ["source", "Referral"], ["status", "Qualified"], ["estimated_value", "3900.0"], ["priority", "High"], ["next_follow_up_at", "2026-04-29 09:00:00"], ["notes_summary", "Needs a clear estimate, fast follow-up, and timeline confirmation."], ["created_at", "2026-05-02 12:37:27.642194"], ["updated_at", "2026-05-02 12:37:27.642194"]]
  [1m[36mTRANSACTION (1.4ms)[0m  [1m[35mCOMMIT[0m
  [1m[36mTRANSACTION (0.2ms)[0m  [1m[35mBEGIN[0m
  [1m[36mActivityLog Create (2.7ms)[0m  [1m[32mINSERT INTO "activity_logs" ("workspace_id", "lead_id", "user_id", "action", "metadata", "created_at", "updated_at") VALUES ($1, $2, $3, $4, $5, $6, $7) RETURNING "id"[0m  [["workspace_id", 1], ["lead_id", 3], ["user_id", 3], ["action", "lead_created"], ["metadata", "{\"source\":\"Referral\"}"], ["created_at", "2026-05-02 12:37:27.650408"], ["updated_at", "2026-05-02 12:37:27.650408"]]
  [1m[36mTRANSACTION (1.4ms)[0m  [1m[35mCOMMIT[0m
  [1m[36mTRANSACTION (0.2ms)[0m  [1m[35mBEGIN[0m
  [1m[36mNote Create (2.4ms)[0m  [1m[32mINSERT INTO "notes" ("lead_id", "user_id", "body", "created_at", "updated_at") VALUES ($1, $2, $3, $4, $5) RETURNING "id"[0m  [["lead_id", 3], ["user_id", 2], ["body", "Discovery call completed. Client asked for pricing, availability, and insurance details."], ["created_at", "2026-05-02 12:37:27.659585"], ["updated_at", "2026-05-02 12:37:27.659585"]]
  [1m[36mTRANSACTION (1.5ms)[0m  [1m[35mCOMMIT[0m
  [1m[36mTRANSACTION (0.3ms)[0m  [1m[35mBEGIN[0m
  [1m[36mActivityLog Create (2.8ms)[0m  [1m[32mINSERT INTO "activity_logs" ("workspace_id", "lead_id", "user_id", "action", "metadata", "created_at", "updated_at") VALUES ($1, $2, $3, $4, $5, $6, $7) RETURNING "id"[0m  [["workspace_id", 1], ["lead_id", 3], ["user_id", 2], ["action", "note_added"], ["metadata", "{\"note_id\":2}"], ["created_at", "2026-05-02 12:37:27.667186"], ["updated_at", "2026-05-02 12:37:27.667186"]]
  [1m[36mTRANSACTION (1.5ms)[0m  [1m[35mCOMMIT[0m
  [1m[36mTRANSACTION (0.3ms)[0m  [1m[35mBEGIN[0m
  [1m[36mActivityLog Create (2.4ms)[0m  [1m[32mINSERT INTO "activity_logs" ("workspace_id", "lead_id", "user_id", "action", "metadata", "created_at", "updated_at") VALUES ($1, $2, $3, $4, $5, $6, $7) RETURNING "id"[0m  [["workspace_id", 1], ["lead_id", 3], ["user_id", 3], ["action", "status_changed"], ["metadata", "{\"from\":\"New\",\"to\":\"Qualified\"}"], ["created_at", "2026-05-02 12:37:27.676755"], ["updated_at", "2026-05-02 12:37:27.676755"]]
  [1m[36mTRANSACTION (1.4ms)[0m  [1m[35mCOMMIT[0m
  [1m[36mTRANSACTION (0.2ms)[0m  [1m[35mBEGIN[0m
  [1m[36mLead Create (2.9ms)[0m  [1m[32mINSERT INTO "leads" ("workspace_id", "assigned_to_id", "name", "email", "phone", "company_name", "source", "status", "estimated_value", "priority", "next_follow_up_at", "notes_summary", "created_at", "updated_at") VALUES ($1, $2, $3, $4, $5, $6, $7, $8, $9, $10, $11, $12, $13, $14) RETURNING "id"[0m  [["workspace_id", 1], ["assigned_to_id", 1], ["name", "David Kim"], ["email", "lead4@example.com"], ["phone", "555-0103"], ["company_name", "Summit Storage"], ["source", "Facebook"], ["status", "Proposal Sent"], ["estimated_value", "12500.0"], ["priority", "Low"], ["next_follow_up_at", "2026-04-30 16:00:00"], ["notes_summary", "Needs a clear estimate, fast follow-up, and timeline confirmation."], ["created_at", "2026-05-02 12:37:27.685091"], ["updated_at", "2026-05-02 12:37:27.685091"]]
  [1m[36mTRANSACTION (1.4ms)[0m  [1m[35mCOMMIT[0m
  [1m[36mTRANSACTION (0.2ms)[0m  [1m[35mBEGIN[0m
  [1m[36mActivityLog Create (2.6ms)[0m  [1m[32mINSERT INTO "activity_logs" ("workspace_id", "lead_id", "user_id", "action", "metadata", "created_at", "updated_at") VALUES ($1, $2, $3, $4, $5, $6, $7) RETURNING "id"[0m  [["workspace_id", 1], ["lead_id", 4], ["user_id", 1], ["action", "lead_created"], ["metadata", "{\"source\":\"Facebook\"}"], ["created_at", "2026-05-02 12:37:27.694480"], ["updated_at", "2026-05-02 12:37:27.694480"]]
  [1m[36mTRANSACTION (1.5ms)[0m  [1m[35mCOMMIT[0m
  [1m[36mTRANSACTION (0.3ms)[0m  [1m[35mBEGIN[0m
  [1m[36mActivityLog Create (2.9ms)[0m  [1m[32mINSERT INTO "activity_logs" ("workspace_id", "lead_id", "user_id", "action", "metadata", "created_at", "updated_at") VALUES ($1, $2, $3, $4, $5, $6, $7) RETURNING "id"[0m  [["workspace_id", 1], ["lead_id", 4], ["user_id", 1], ["action", "status_changed"], ["metadata", "{\"from\":\"New\",\"to\":\"Proposal Sent\"}"], ["created_at", "2026-05-02 12:37:27.703179"], ["updated_at", "2026-05-02 12:37:27.703179"]]
  [1m[36mTRANSACTION (1.7ms)[0m  [1m[35mCOMMIT[0m
  [1m[36mTRANSACTION (0.3ms)[0m  [1m[35mBEGIN[0m
  [1m[36mLead Create (3.2ms)[0m  [1m[32mINSERT INTO "leads" ("workspace_id", "assigned_to_id", "name", "email", "phone", "company_name", "source", "status", "estimated_value", "priority", "next_follow_up_at", "notes_summary", "created_at", "updated_at") VALUES ($1, $2, $3, $4, $5, $6, $7, $8, $9, $10, $11, $12, $13, $14) RETURNING "id"[0m  [["workspace_id", 1], ["assigned_to_id", 2], ["name", "Leo Brooks"], ["email", "lead5@example.com"], ["phone", "555-0104"], ["company_name", "Evergreen HOA"], ["source", "Thumbtack"], ["status", "Won"], ["estimated_value", "12500.0"], ["priority", "Medium"], ["next_follow_up_at", "2026-05-01 14:00:00"], ["notes_summary", "Needs a clear estimate, fast follow-up, and timeline confirmation."], ["created_at", "2026-05-02 12:37:27.712825"], ["updated_at", "2026-05-02 12:37:27.712825"]]
  [1m[36mTRANSACTION (1.6ms)[0m  [1m[35mCOMMIT[0m
  [1m[36mTRANSACTION (0.2ms)[0m  [1m[35mBEGIN[0m
  [1m[36mActivityLog Create (2.2ms)[0m  [1m[32mINSERT INTO "activity_logs" ("workspace_id", "lead_id", "user_id", "action", "metadata", "created_at", "updated_at") VALUES ($1, $2, $3, $4, $5, $6, $7) RETURNING "id"[0m  [["workspace_id", 1], ["lead_id", 5], ["user_id", 2], ["action", "lead_created"], ["metadata", "{\"source\":\"Thumbtack\"}"], ["created_at", "2026-05-02 12:37:27.723562"], ["updated_at", "2026-05-02 12:37:27.723562"]]
  [1m[36mTRANSACTION (1.3ms)[0m  [1m[35mCOMMIT[0m
  [1m[36mTRANSACTION (0.2ms)[0m  [1m[35mBEGIN[0m
  [1m[36mNote Create (2.0ms)[0m  [1m[32mINSERT INTO "notes" ("lead_id", "user_id", "body", "created_at", "updated_at") VALUES ($1, $2, $3, $4, $5) RETURNING "id"[0m  [["lead_id", 5], ["user_id", 2], ["body", "Discovery call completed. Client asked for pricing, availability, and insurance details."], ["created_at", "2026-05-02 12:37:27.732978"], ["updated_at", "2026-05-02 12:37:27.732978"]]
  [1m[36mTRANSACTION (1.3ms)[0m  [1m[35mCOMMIT[0m
  [1m[36mTRANSACTION (0.2ms)[0m  [1m[35mBEGIN[0m
  [1m[36mActivityLog Create (2.3ms)[0m  [1m[32mINSERT INTO "activity_logs" ("workspace_id", "lead_id", "user_id", "action", "metadata", "created_at", "updated_at") VALUES ($1, $2, $3, $4, $5, $6, $7) RETURNING "id"[0m  [["workspace_id", 1], ["lead_id", 5], ["user_id", 2], ["action", "note_added"], ["metadata", "{\"note_id\":3}"], ["created_at", "2026-05-02 12:37:27.740507"], ["updated_at", "2026-05-02 12:37:27.740507"]]
  [1m[36mTRANSACTION (1.7ms)[0m  [1m[35mCOMMIT[0m
  [1m[36mTRANSACTION (0.2ms)[0m  [1m[35mBEGIN[0m
  [1m[36mActivityLog Create (2.3ms)[0m  [1m[32mINSERT INTO "activity_logs" ("workspace_id", "lead_id", "user_id", "action", "metadata", "created_at", "updated_at") VALUES ($1, $2, $3, $4, $5, $6, $7) RETURNING "id"[0m  [["workspace_id", 1], ["lead_id", 5], ["user_id", 2], ["action", "status_changed"], ["metadata", "{\"from\":\"New\",\"to\":\"Won\"}"], ["created_at", "2026-05-02 12:37:27.748365"], ["updated_at", "2026-05-02 12:37:27.748365"]]
  [1m[36mTRANSACTION (1.5ms)[0m  [1m[35mCOMMIT[0m
  [1m[36mTRANSACTION (0.3ms)[0m  [1m[35mBEGIN[0m
  [1m[36mLead Create (3.3ms)[0m  [1m[32mINSERT INTO "leads" ("workspace_id", "assigned_to_id", "name", "email", "phone", "company_name", "source", "status", "estimated_value", "priority", "next_follow_up_at", "notes_summary", "created_at", "updated_at") VALUES ($1, $2, $3, $4, $5, $6, $7, $8, $9, $10, $11, $12, $13, $14) RETURNING "id"[0m  [["workspace_id", 1], ["assigned_to_id", 3], ["name", "James Walker"], ["email", "lead6@example.com"], ["phone", "555-0105"], ["company_name", "Northstar Fitness"], ["source", "Yelp"], ["status", "Lost"], ["estimated_value", "3900.0"], ["priority", "High"], ["next_follow_up_at", "2026-05-02 09:00:00"], ["notes_summary", "Needs a clear estimate, fast follow-up, and timeline confirmation."], ["created_at", "2026-05-02 12:37:27.757079"], ["updated_at", "2026-05-02 12:37:27.757079"]]
  [1m[36mTRANSACTION (1.5ms)[0m  [1m[35mCOMMIT[0m
  [1m[36mTRANSACTION (0.3ms)[0m  [1m[35mBEGIN[0m
  [1m[36mActivityLog Create (2.3ms)[0m  [1m[32mINSERT INTO "activity_logs" ("workspace_id", "lead_id", "user_id", "action", "metadata", "created_at", "updated_at") VALUES ($1, $2, $3, $4, $5, $6, $7) RETURNING "id"[0m  [["workspace_id", 1], ["lead_id", 6], ["user_id", 3], ["action", "lead_created"], ["metadata", "{\"source\":\"Yelp\"}"], ["created_at", "2026-05-02 12:37:27.765763"], ["updated_at", "2026-05-02 12:37:27.765763"]]
  [1m[36mTRANSACTION (1.6ms)[0m  [1m[35mCOMMIT[0m
  [1m[36mTRANSACTION (0.3ms)[0m  [1m[35mBEGIN[0m
  [1m[36mActivityLog Create (2.3ms)[0m  [1m[32mINSERT INTO "activity_logs" ("workspace_id", "lead_id", "user_id", "action", "metadata", "created_at", "updated_at") VALUES ($1, $2, $3, $4, $5, $6, $7) RETURNING "id"[0m  [["workspace_id", 1], ["lead_id", 6], ["user_id", 3], ["action", "status_changed"], ["metadata", "{\"from\":\"New\",\"to\":\"Lost\"}"], ["created_at", "2026-05-02 12:37:27.773956"], ["updated_at", "2026-05-02 12:37:27.773956"]]
  [1m[36mTRANSACTION (1.5ms)[0m  [1m[35mCOMMIT[0m
  [1m[36mTRANSACTION (0.3ms)[0m  [1m[35mBEGIN[0m
  [1m[36mLead Create (2.3ms)[0m  [1m[32mINSERT INTO "leads" ("workspace_id", "assigned_to_id", "name", "email", "phone", "company_name", "source", "status", "estimated_value", "priority", "next_follow_up_at", "notes_summary", "created_at", "updated_at") VALUES ($1, $2, $3, $4, $5, $6, $7, $8, $9, $10, $11, $12, $13, $14) RETURNING "id"[0m  [["workspace_id", 1], ["assigned_to_id", 1], ["name", "Priya Shah"], ["email", "lead7@example.com"], ["phone", "555-0106"], ["company_name", "Canyon Creek Homes"], ["source", "Cold Outreach"], ["status", "New"], ["estimated_value", "3900.0"], ["priority", "Low"], ["next_follow_up_at", "2026-05-03 11:00:00"], ["notes_summary", "Needs a clear estimate, fast follow-up, and timeline confirmation."], ["created_at", "2026-05-02 12:37:27.782025"], ["updated_at", "2026-05-02 12:37:27.782025"]]
  [1m[36mTRANSACTION (1.5ms)[0m  [1m[35mCOMMIT[0m
  [1m[36mTRANSACTION (0.3ms)[0m  [1m[35mBEGIN[0m
  [1m[36mActivityLog Create (2.4ms)[0m  [1m[32mINSERT INTO "activity_logs" ("workspace_id", "lead_id", "user_id", "action", "metadata", "created_at", "updated_at") VALUES ($1, $2, $3, $4, $5, $6, $7) RETURNING "id"[0m  [["workspace_id", 1], ["lead_id", 7], ["user_id", 1], ["action", "lead_created"], ["metadata", "{\"source\":\"Cold Outreach\"}"], ["created_at", "2026-05-02 12:37:27.790183"], ["updated_at", "2026-05-02 12:37:27.790183"]]
  [1m[36mTRANSACTION (1.6ms)[0m  [1m[35mCOMMIT[0m
  [1m[36mTRANSACTION (0.3ms)[0m  [1m[35mBEGIN[0m
  [1m[36mNote Create (2.4ms)[0m  [1m[32mINSERT INTO "notes" ("lead_id", "user_id", "body", "created_at", "updated_at") VALUES ($1, $2, $3, $4, $5) RETURNING "id"[0m  [["lead_id", 7], ["user_id", 2], ["body", "Discovery call completed. Client asked for pricing, availability, and insurance details."], ["created_at", "2026-05-02 12:37:27.798018"], ["updated_at", "2026-05-02 12:37:27.798018"]]
  [1m[36mTRANSACTION (1.5ms)[0m  [1m[35mCOMMIT[0m
  [1m[36mTRANSACTION (0.3ms)[0m  [1m[35mBEGIN[0m
  [1m[36mActivityLog Create (2.3ms)[0m  [1m[32mINSERT INTO "activity_logs" ("workspace_id", "lead_id", "user_id", "action", "metadata", "created_at", "updated_at") VALUES ($1, $2, $3, $4, $5, $6, $7) RETURNING "id"[0m  [["workspace_id", 1], ["lead_id", 7], ["user_id", 2], ["action", "note_added"], ["metadata", "{\"note_id\":4}"], ["created_at", "2026-05-02 12:37:27.805730"], ["updated_at", "2026-05-02 12:37:27.805730"]]
  [1m[36mTRANSACTION (1.5ms)[0m  [1m[35mCOMMIT[0m
  [1m[36mTRANSACTION (0.3ms)[0m  [1m[35mBEGIN[0m
  [1m[36mLead Create (2.4ms)[0m  [1m[32mINSERT INTO "leads" ("workspace_id", "assigned_to_id", "name", "email", "phone", "company_name", "source", "status", "estimated_value", "priority", "next_follow_up_at", "notes_summary", "created_at", "updated_at") VALUES ($1, $2, $3, $4, $5, $6, $7, $8, $9, $10, $11, $12, $13, $14) RETURNING "id"[0m  [["workspace_id", 1], ["assigned_to_id", 2], ["name", "James Walker"], ["email", "lead8@example.com"], ["phone", "555-0107"], ["company_name", "Metro Legal Group"], ["source", "Google Ads"], ["status", "Contacted"], ["estimated_value", "1800.0"], ["priority", "Medium"], ["next_follow_up_at", "2026-05-04 09:00:00"], ["notes_summary", "Needs a clear estimate, fast follow-up, and timeline confirmation."], ["created_at", "2026-05-02 12:37:27.813601"], ["updated_at", "2026-05-02 12:37:27.813601"]]
  [1m[36mTRANSACTION (1.5ms)[0m  [1m[35mCOMMIT[0m
  [1m[36mTRANSACTION (0.3ms)[0m  [1m[35mBEGIN[0m
  [1m[36mActivityLog Create (2.4ms)[0m  [1m[32mINSERT INTO "activity_logs" ("workspace_id", "lead_id", "user_id", "action", "metadata", "created_at", "updated_at") VALUES ($1, $2, $3, $4, $5, $6, $7) RETURNING "id"[0m  [["workspace_id", 1], ["lead_id", 8], ["user_id", 2], ["action", "lead_created"], ["metadata", "{\"source\":\"Google Ads\"}"], ["created_at", "2026-05-02 12:37:27.821689"], ["updated_at", "2026-05-02 12:37:27.821689"]]
  [1m[36mTRANSACTION (1.6ms)[0m  [1m[35mCOMMIT[0m
  [1m[36mTRANSACTION (0.3ms)[0m  [1m[35mBEGIN[0m
  [1m[36mActivityLog Create (2.5ms)[0m  [1m[32mINSERT INTO "activity_logs" ("workspace_id", "lead_id", "user_id", "action", "metadata", "created_at", "updated_at") VALUES ($1, $2, $3, $4, $5, $6, $7) RETURNING "id"[0m  [["workspace_id", 1], ["lead_id", 8], ["user_id", 2], ["action", "status_changed"], ["metadata", "{\"from\":\"New\",\"to\":\"Contacted\"}"], ["created_at", "2026-05-02 12:37:27.830159"], ["updated_at", "2026-05-02 12:37:27.830159"]]
  [1m[36mTRANSACTION (1.5ms)[0m  [1m[35mCOMMIT[0m
  [1m[36mTRANSACTION (0.3ms)[0m  [1m[35mBEGIN[0m
  [1m[36mLead Create (2.5ms)[0m  [1m[32mINSERT INTO "leads" ("workspace_id", "assigned_to_id", "name", "email", "phone", "company_name", "source", "status", "estimated_value", "priority", "next_follow_up_at", "notes_summary", "created_at", "updated_at") VALUES ($1, $2, $3, $4, $5, $6, $7, $8, $9, $10, $11, $12, $13, $14) RETURNING "id"[0m  [["workspace_id", 1], ["assigned_to_id", 3], ["name", "Priya Shah"], ["email", "lead9@example.com"], ["phone", "555-0108"], ["company_name", "BrightPath School"], ["source", "Website"], ["status", "Qualified"], ["estimated_value", "950.0"], ["priority", "High"], ["next_follow_up_at", "2026-05-05 09:00:00"], ["notes_summary", "Needs a clear estimate, fast follow-up, and timeline confirmation."], ["created_at", "2026-05-02 12:37:27.838333"], ["updated_at", "2026-05-02 12:37:27.838333"]]
  [1m[36mTRANSACTION (1.8ms)[0m  [1m[35mCOMMIT[0m
  [1m[36mTRANSACTION (0.3ms)[0m  [1m[35mBEGIN[0m
  [1m[36mActivityLog Create (2.8ms)[0m  [1m[32mINSERT INTO "activity_logs" ("workspace_id", "lead_id", "user_id", "action", "metadata", "created_at", "updated_at") VALUES ($1, $2, $3, $4, $5, $6, $7) RETURNING "id"[0m  [["workspace_id", 1], ["lead_id", 9], ["user_id", 3], ["action", "lead_created"], ["metadata", "{\"source\":\"Website\"}"], ["created_at", "2026-05-02 12:37:27.846762"], ["updated_at", "2026-05-02 12:37:27.846762"]]
  [1m[36mTRANSACTION (1.7ms)[0m  [1m[35mCOMMIT[0m
  [1m[36mTRANSACTION (0.2ms)[0m  [1m[35mBEGIN[0m
  [1m[36mNote Create (2.4ms)[0m  [1m[32mINSERT INTO "notes" ("lead_id", "user_id", "body", "created_at", "updated_at") VALUES ($1, $2, $3, $4, $5) RETURNING "id"[0m  [["lead_id", 9], ["user_id", 2], ["body", "Discovery call completed. Client asked for pricing, availability, and insurance details."], ["created_at", "2026-05-02 12:37:27.855437"], ["updated_at", "2026-05-02 12:37:27.855437"]]
  [1m[36mTRANSACTION (1.7ms)[0m  [1m[35mCOMMIT[0m
  [1m[36mTRANSACTION (0.2ms)[0m  [1m[35mBEGIN[0m
  [1m[36mActivityLog Create (2.3ms)[0m  [1m[32mINSERT INTO "activity_logs" ("workspace_id", "lead_id", "user_id", "action", "metadata", "created_at", "updated_at") VALUES ($1, $2, $3, $4, $5, $6, $7) RETURNING "id"[0m  [["workspace_id", 1], ["lead_id", 9], ["user_id", 2], ["action", "note_added"], ["metadata", "{\"note_id\":5}"], ["created_at", "2026-05-02 12:37:27.863620"], ["updated_at", "2026-05-02 12:37:27.863620"]]
  [1m[36mTRANSACTION (1.5ms)[0m  [1m[35mCOMMIT[0m
  [1m[36mTRANSACTION (0.2ms)[0m  [1m[35mBEGIN[0m
  [1m[36mActivityLog Create (2.3ms)[0m  [1m[32mINSERT INTO "activity_logs" ("workspace_id", "lead_id", "user_id", "action", "metadata", "created_at", "updated_at") VALUES ($1, $2, $3, $4, $5, $6, $7) RETURNING "id"[0m  [["workspace_id", 1], ["lead_id", 9], ["user_id", 3], ["action", "status_changed"], ["metadata", "{\"from\":\"New\",\"to\":\"Qualified\"}"], ["created_at", "2026-05-02 12:37:27.871553"], ["updated_at", "2026-05-02 12:37:27.871553"]]
  [1m[36mTRANSACTION (1.5ms)[0m  [1m[35mCOMMIT[0m
  [1m[36mTRANSACTION (0.2ms)[0m  [1m[35mBEGIN[0m
  [1m[36mLead Create (2.4ms)[0m  [1m[32mINSERT INTO "leads" ("workspace_id", "assigned_to_id", "name", "email", "phone", "company_name", "source", "status", "estimated_value", "priority", "next_follow_up_at", "notes_summary", "created_at", "updated_at") VALUES ($1, $2, $3, $4, $5, $6, $7, $8, $9, $10, $11, $12, $13, $14) RETURNING "id"[0m  [["workspace_id", 1], ["assigned_to_id", 1], ["name", "Sarah Collins"], ["email", "lead10@example.com"], ["phone", "555-0109"], ["company_name", "Valley Auto"], ["source", "Referral"], ["status", "Proposal Sent"], ["estimated_value", "2400.0"], ["priority", "Low"], ["next_follow_up_at", "2026-05-06 14:00:00"], ["notes_summary", "Needs a clear estimate, fast follow-up, and timeline confirmation."], ["created_at", "2026-05-02 12:37:27.879750"], ["updated_at", "2026-05-02 12:37:27.879750"]]
  [1m[36mTRANSACTION (1.4ms)[0m  [1m[35mCOMMIT[0m
  [1m[36mTRANSACTION (0.2ms)[0m  [1m[35mBEGIN[0m
  [1m[36mActivityLog Create (2.3ms)[0m  [1m[32mINSERT INTO "activity_logs" ("workspace_id", "lead_id", "user_id", "action", "metadata", "created_at", "updated_at") VALUES ($1, $2, $3, $4, $5, $6, $7) RETURNING "id"[0m  [["workspace_id", 1], ["lead_id", 10], ["user_id", 1], ["action", "lead_created"], ["metadata", "{\"source\":\"Referral\"}"], ["created_at", "2026-05-02 12:37:27.899896"], ["updated_at", "2026-05-02 12:37:27.899896"]]
  [1m[36mTRANSACTION (1.5ms)[0m  [1m[35mCOMMIT[0m
  [1m[36mTRANSACTION (0.3ms)[0m  [1m[35mBEGIN[0m
  [1m[36mActivityLog Create (2.5ms)[0m  [1m[32mINSERT INTO "activity_logs" ("workspace_id", "lead_id", "user_id", "action", "metadata", "created_at", "updated_at") VALUES ($1, $2, $3, $4, $5, $6, $7) RETURNING "id"[0m  [["workspace_id", 1], ["lead_id", 10], ["user_id", 1], ["action", "status_changed"], ["metadata", "{\"from\":\"New\",\"to\":\"Proposal Sent\"}"], ["created_at", "2026-05-02 12:37:27.908103"], ["updated_at", "2026-05-02 12:37:27.908103"]]
  [1m[36mTRANSACTION (1.7ms)[0m  [1m[35mCOMMIT[0m
  [1m[36mTRANSACTION (0.3ms)[0m  [1m[35mBEGIN[0m
  [1m[36mLead Create (2.6ms)[0m  [1m[32mINSERT INTO "leads" ("workspace_id", "assigned_to_id", "name", "email", "phone", "company_name", "source", "status", "estimated_value", "priority", "next_follow_up_at", "notes_summary", "created_at", "updated_at") VALUES ($1, $2, $3, $4, $5, $6, $7, $8, $9, $10, $11, $12, $13, $14) RETURNING "id"[0m  [["workspace_id", 1], ["assigned_to_id", 2], ["name", "Priya Shah"], ["email", "lead11@example.com"], ["phone", "555-0110"], ["company_name", "Cedar Ridge Church"], ["source", "Facebook"], ["status", "Won"], ["estimated_value", "1800.0"], ["priority", "Medium"], ["next_follow_up_at", "2026-05-07 14:00:00"], ["notes_summary", "Needs a clear estimate, fast follow-up, and timeline confirmation."], ["created_at", "2026-05-02 12:37:27.916624"], ["updated_at", "2026-05-02 12:37:27.916624"]]
  [1m[36mTRANSACTION (1.6ms)[0m  [1m[35mCOMMIT[0m
  [1m[36mTRANSACTION (0.3ms)[0m  [1m[35mBEGIN[0m
  [1m[36mActivityLog Create (2.4ms)[0m  [1m[32mINSERT INTO "activity_logs" ("workspace_id", "lead_id", "user_id", "action", "metadata", "created_at", "updated_at") VALUES ($1, $2, $3, $4, $5, $6, $7) RETURNING "id"[0m  [["workspace_id", 1], ["lead_id", 11], ["user_id", 2], ["action", "lead_created"], ["metadata", "{\"source\":\"Facebook\"}"], ["created_at", "2026-05-02 12:37:27.925363"], ["updated_at", "2026-05-02 12:37:27.925363"]]
  [1m[36mTRANSACTION (1.7ms)[0m  [1m[35mCOMMIT[0m
  [1m[36mTRANSACTION (0.3ms)[0m  [1m[35mBEGIN[0m
  [1m[36mNote Create (2.8ms)[0m  [1m[32mINSERT INTO "notes" ("lead_id", "user_id", "body", "created_at", "updated_at") VALUES ($1, $2, $3, $4, $5) RETURNING "id"[0m  [["lead_id", 11], ["user_id", 2], ["body", "Discovery call completed. Client asked for pricing, availability, and insurance details."], ["created_at", "2026-05-02 12:37:27.933897"], ["updated_at", "2026-05-02 12:37:27.933897"]]
  [1m[36mTRANSACTION (1.5ms)[0m  [1m[35mCOMMIT[0m
  [1m[36mTRANSACTION (0.3ms)[0m  [1m[35mBEGIN[0m
  [1m[36mActivityLog Create (2.4ms)[0m  [1m[32mINSERT INTO "activity_logs" ("workspace_id", "lead_id", "user_id", "action", "metadata", "created_at", "updated_at") VALUES ($1, $2, $3, $4, $5, $6, $7) RETURNING "id"[0m  [["workspace_id", 1], ["lead_id", 11], ["user_id", 2], ["action", "note_added"], ["metadata", "{\"note_id\":6}"], ["created_at", "2026-05-02 12:37:27.942922"], ["updated_at", "2026-05-02 12:37:27.942922"]]
  [1m[36mTRANSACTION (1.5ms)[0m  [1m[35mCOMMIT[0m
  [1m[36mTRANSACTION (0.3ms)[0m  [1m[35mBEGIN[0m
  [1m[36mActivityLog Create (2.8ms)[0m  [1m[32mINSERT INTO "activity_logs" ("workspace_id", "lead_id", "user_id", "action", "metadata", "created_at", "updated_at") VALUES ($1, $2, $3, $4, $5, $6, $7) RETURNING "id"[0m  [["workspace_id", 1], ["lead_id", 11], ["user_id", 2], ["action", "status_changed"], ["metadata", "{\"from\":\"New\",\"to\":\"Won\"}"], ["created_at", "2026-05-02 12:37:27.950700"], ["updated_at", "2026-05-02 12:37:27.950700"]]
  [1m[36mTRANSACTION (1.5ms)[0m  [1m[35mCOMMIT[0m
  [1m[36mTRANSACTION (0.2ms)[0m  [1m[35mBEGIN[0m
  [1m[36mLead Create (2.4ms)[0m  [1m[32mINSERT INTO "leads" ("workspace_id", "assigned_to_id", "name", "email", "phone", "company_name", "source", "status", "estimated_value", "priority", "next_follow_up_at", "notes_summary", "created_at", "updated_at") VALUES ($1, $2, $3, $4, $5, $6, $7, $8, $9, $10, $11, $12, $13, $14) RETURNING "id"[0m  [["workspace_id", 1], ["assigned_to_id", 3], ["name", "Sarah Collins"], ["email", "lead12@example.com"], ["phone", "555-0111"], ["company_name", "Atlas Property Group"], ["source", "Thumbtack"], ["status", "Lost"], ["estimated_value", "8700.0"], ["priority", "High"], ["next_follow_up_at", "2026-05-08 14:00:00"], ["notes_summary", "Needs a clear estimate, fast follow-up, and timeline confirmation."], ["created_at", "2026-05-02 12:37:27.959931"], ["updated_at", "2026-05-02 12:37:27.959931"]]
  [1m[36mTRANSACTION (1.5ms)[0m  [1m[35mCOMMIT[0m
  [1m[36mTRANSACTION (0.3ms)[0m  [1m[35mBEGIN[0m
  [1m[36mActivityLog Create (3.3ms)[0m  [1m[32mINSERT INTO "activity_logs" ("workspace_id", "lead_id", "user_id", "action", "metadata", "created_at", "updated_at") VALUES ($1, $2, $3, $4, $5, $6, $7) RETURNING "id"[0m  [["workspace_id", 1], ["lead_id", 12], ["user_id", 3], ["action", "lead_created"], ["metadata", "{\"source\":\"Thumbtack\"}"], ["created_at", "2026-05-02 12:37:27.968226"], ["updated_at", "2026-05-02 12:37:27.968226"]]
  [1m[36mTRANSACTION (1.5ms)[0m  [1m[35mCOMMIT[0m
  [1m[36mTRANSACTION (0.3ms)[0m  [1m[35mBEGIN[0m
  [1m[36mActivityLog Create (2.5ms)[0m  [1m[32mINSERT INTO "activity_logs" ("workspace_id", "lead_id", "user_id", "action", "metadata", "created_at", "updated_at") VALUES ($1, $2, $3, $4, $5, $6, $7) RETURNING "id"[0m  [["workspace_id", 1], ["lead_id", 12], ["user_id", 3], ["action", "status_changed"], ["metadata", "{\"from\":\"New\",\"to\":\"Lost\"}"], ["created_at", "2026-05-02 12:37:27.977234"], ["updated_at", "2026-05-02 12:37:27.977234"]]
  [1m[36mTRANSACTION (1.5ms)[0m  [1m[35mCOMMIT[0m
  [1m[36mTRANSACTION (0.7ms)[0m  [1m[35mBEGIN[0m
  [1m[36mLead Create (3.1ms)[0m  [1m[32mINSERT INTO "leads" ("workspace_id", "assigned_to_id", "name", "email", "phone", "company_name", "source", "status", "estimated_value", "priority", "next_follow_up_at", "notes_summary", "created_at", "updated_at") VALUES ($1, $2, $3, $4, $5, $6, $7, $8, $9, $10, $11, $12, $13, $14) RETURNING "id"[0m  [["workspace_id", 1], ["assigned_to_id", 1], ["name", "James Walker"], ["email", "lead13@example.com"], ["phone", "555-0112"], ["company_name", "FreshStart Kitchens"], ["source", "Yelp"], ["status", "New"], ["estimated_value", "3900.0"], ["priority", "Low"], ["next_follow_up_at", "2026-05-09 11:00:00"], ["notes_summary", "Needs a clear estimate, fast follow-up, and timeline confirmation."], ["created_at", "2026-05-02 12:37:27.985447"], ["updated_at", "2026-05-02 12:37:27.985447"]]
  [1m[36mTRANSACTION (1.4ms)[0m  [1m[35mCOMMIT[0m
  [1m[36mTRANSACTION (0.2ms)[0m  [1m[35mBEGIN[0m
  [1m[36mActivityLog Create (2.2ms)[0m  [1m[32mINSERT INTO "activity_logs" ("workspace_id", "lead_id", "user_id", "action", "metadata", "created_at", "updated_at") VALUES ($1, $2, $3, $4, $5, $6, $7) RETURNING "id"[0m  [["workspace_id", 1], ["lead_id", 13], ["user_id", 1], ["action", "lead_created"], ["metadata", "{\"source\":\"Yelp\"}"], ["created_at", "2026-05-02 12:37:27.994100"], ["updated_at", "2026-05-02 12:37:27.994100"]]
  [1m[36mTRANSACTION (1.5ms)[0m  [1m[35mCOMMIT[0m
  [1m[36mTRANSACTION (0.2ms)[0m  [1m[35mBEGIN[0m
  [1m[36mNote Create (2.4ms)[0m  [1m[32mINSERT INTO "notes" ("lead_id", "user_id", "body", "created_at", "updated_at") VALUES ($1, $2, $3, $4, $5) RETURNING "id"[0m  [["lead_id", 13], ["user_id", 2], ["body", "Discovery call completed. Client asked for pricing, availability, and insurance details."], ["created_at", "2026-05-02 12:37:28.002614"], ["updated_at", "2026-05-02 12:37:28.002614"]]
  [1m[36mTRANSACTION (1.5ms)[0m  [1m[35mCOMMIT[0m
  [1m[36mTRANSACTION (0.2ms)[0m  [1m[35mBEGIN[0m
  [1m[36mActivityLog Create (2.5ms)[0m  [1m[32mINSERT INTO "activity_logs" ("workspace_id", "lead_id", "user_id", "action", "metadata", "created_at", "updated_at") VALUES ($1, $2, $3, $4, $5, $6, $7) RETURNING "id"[0m  [["workspace_id", 1], ["lead_id", 13], ["user_id", 2], ["action", "note_added"], ["metadata", "{\"note_id\":7}"], ["created_at", "2026-05-02 12:37:28.011598"], ["updated_at", "2026-05-02 12:37:28.011598"]]
  [1m[36mTRANSACTION (1.4ms)[0m  [1m[35mCOMMIT[0m
  [1m[36mTRANSACTION (0.2ms)[0m  [1m[35mBEGIN[0m
  [1m[36mLead Create (2.2ms)[0m  [1m[32mINSERT INTO "leads" ("workspace_id", "assigned_to_id", "name", "email", "phone", "company_name", "source", "status", "estimated_value", "priority", "next_follow_up_at", "notes_summary", "created_at", "updated_at") VALUES ($1, $2, $3, $4, $5, $6, $7, $8, $9, $10, $11, $12, $13, $14) RETURNING "id"[0m  [["workspace_id", 1], ["assigned_to_id", 2], ["name", "Priya Shah"], ["email", "lead14@example.com"], ["phone", "555-0113"], ["company_name", "Pioneer Builders"], ["source", "Cold Outreach"], ["status", "Contacted"], ["estimated_value", "8700.0"], ["priority", "Medium"], ["next_follow_up_at", "2026-05-10 11:00:00"], ["notes_summary", "Needs a clear estimate, fast follow-up, and timeline confirmation."], ["created_at", "2026-05-02 12:37:28.022093"], ["updated_at", "2026-05-02 12:37:28.022093"]]
  [1m[36mTRANSACTION (1.8ms)[0m  [1m[35mCOMMIT[0m
  [1m[36mTRANSACTION (0.3ms)[0m  [1m[35mBEGIN[0m
  [1m[36mActivityLog Create (2.9ms)[0m  [1m[32mINSERT INTO "activity_logs" ("workspace_id", "lead_id", "user_id", "action", "metadata", "created_at", "updated_at") VALUES ($1, $2, $3, $4, $5, $6, $7) RETURNING "id"[0m  [["workspace_id", 1], ["lead_id", 14], ["user_id", 2], ["action", "lead_created"], ["metadata", "{\"source\":\"Cold Outreach\"}"], ["created_at", "2026-05-02 12:37:28.031791"], ["updated_at", "2026-05-02 12:37:28.031791"]]
  [1m[36mTRANSACTION (1.4ms)[0m  [1m[35mCOMMIT[0m
  [1m[36mTRANSACTION (0.3ms)[0m  [1m[35mBEGIN[0m
  [1m[36mActivityLog Create (2.6ms)[0m  [1m[32mINSERT INTO "activity_logs" ("workspace_id", "lead_id", "user_id", "action", "metadata", "created_at", "updated_at") VALUES ($1, $2, $3, $4, $5, $6, $7) RETURNING "id"[0m  [["workspace_id", 1], ["lead_id", 14], ["user_id", 2], ["action", "status_changed"], ["metadata", "{\"from\":\"New\",\"to\":\"Contacted\"}"], ["created_at", "2026-05-02 12:37:28.040888"], ["updated_at", "2026-05-02 12:37:28.040888"]]
  [1m[36mTRANSACTION (1.6ms)[0m  [1m[35mCOMMIT[0m
  [1m[36mTRANSACTION (0.2ms)[0m  [1m[35mBEGIN[0m
  [1m[36mLead Create (2.1ms)[0m  [1m[32mINSERT INTO "leads" ("workspace_id", "assigned_to_id", "name", "email", "phone", "company_name", "source", "status", "estimated_value", "priority", "next_follow_up_at", "notes_summary", "created_at", "updated_at") VALUES ($1, $2, $3, $4, $5, $6, $7, $8, $9, $10, $11, $12, $13, $14) RETURNING "id"[0m  [["workspace_id", 1], ["assigned_to_id", 3], ["name", "Sarah Collins"], ["email", "lead15@example.com"], ["phone", "555-0114"], ["company_name", "Sunrise Salon"], ["source", "Google Ads"], ["status", "Qualified"], ["estimated_value", "5200.0"], ["priority", "High"], ["next_follow_up_at", "2026-05-11 14:00:00"], ["notes_summary", "Needs a clear estimate, fast follow-up, and timeline confirmation."], ["created_at", "2026-05-02 12:37:28.050799"], ["updated_at", "2026-05-02 12:37:28.050799"]]
  [1m[36mTRANSACTION (1.4ms)[0m  [1m[35mCOMMIT[0m
  [1m[36mTRANSACTION (0.3ms)[0m  [1m[35mBEGIN[0m
  [1m[36mActivityLog Create (2.4ms)[0m  [1m[32mINSERT INTO "activity_logs" ("workspace_id", "lead_id", "user_id", "action", "metadata", "created_at", "updated_at") VALUES ($1, $2, $3, $4, $5, $6, $7) RETURNING "id"[0m  [["workspace_id", 1], ["lead_id", 15], ["user_id", 3], ["action", "lead_created"], ["metadata", "{\"source\":\"Google Ads\"}"], ["created_at", "2026-05-02 12:37:28.059064"], ["updated_at", "2026-05-02 12:37:28.059064"]]
  [1m[36mTRANSACTION (1.8ms)[0m  [1m[35mCOMMIT[0m
  [1m[36mTRANSACTION (0.3ms)[0m  [1m[35mBEGIN[0m
  [1m[36mNote Create (2.5ms)[0m  [1m[32mINSERT INTO "notes" ("lead_id", "user_id", "body", "created_at", "updated_at") VALUES ($1, $2, $3, $4, $5) RETURNING "id"[0m  [["lead_id", 15], ["user_id", 2], ["body", "Discovery call completed. Client asked for pricing, availability, and insurance details."], ["created_at", "2026-05-02 12:37:28.067286"], ["updated_at", "2026-05-02 12:37:28.067286"]]
  [1m[36mTRANSACTION (1.5ms)[0m  [1m[35mCOMMIT[0m
  [1m[36mTRANSACTION (0.1ms)[0m  [1m[35mBEGIN[0m
  [1m[36mActivityLog Create (2.5ms)[0m  [1m[32mINSERT INTO "activity_logs" ("workspace_id", "lead_id", "user_id", "action", "metadata", "created_at", "updated_at") VALUES ($1, $2, $3, $4, $5, $6, $7) RETURNING "id"[0m  [["workspace_id", 1], ["lead_id", 15], ["user_id", 2], ["action", "note_added"], ["metadata", "{\"note_id\":8}"], ["created_at", "2026-05-02 12:37:28.075822"], ["updated_at", "2026-05-02 12:37:28.075822"]]
  [1m[36mTRANSACTION (1.5ms)[0m  [1m[35mCOMMIT[0m
  [1m[36mTRANSACTION (0.2ms)[0m  [1m[35mBEGIN[0m
  [1m[36mActivityLog Create (2.6ms)[0m  [1m[32mINSERT INTO "activity_logs" ("workspace_id", "lead_id", "user_id", "action", "metadata", "created_at", "updated_at") VALUES ($1, $2, $3, $4, $5, $6, $7) RETURNING "id"[0m  [["workspace_id", 1], ["lead_id", 15], ["user_id", 3], ["action", "status_changed"], ["metadata", "{\"from\":\"New\",\"to\":\"Qualified\"}"], ["created_at", "2026-05-02 12:37:28.084133"], ["updated_at", "2026-05-02 12:37:28.084133"]]
  [1m[36mTRANSACTION (1.5ms)[0m  [1m[35mCOMMIT[0m
  [1m[36mTRANSACTION (0.2ms)[0m  [1m[35mBEGIN[0m
  [1m[36mLead Create (2.1ms)[0m  [1m[32mINSERT INTO "leads" ("workspace_id", "assigned_to_id", "name", "email", "phone", "company_name", "source", "status", "estimated_value", "priority", "next_follow_up_at", "notes_summary", "created_at", "updated_at") VALUES ($1, $2, $3, $4, $5, $6, $7, $8, $9, $10, $11, $12, $13, $14) RETURNING "id"[0m  [["workspace_id", 1], ["assigned_to_id", 1], ["name", "James Walker"], ["email", "lead16@example.com"], ["phone", "555-0115"], ["company_name", "Keystone Rentals"], ["source", "Website"], ["status", "Proposal Sent"], ["estimated_value", "12500.0"], ["priority", "Low"], ["next_follow_up_at", "2026-05-12 14:00:00"], ["notes_summary", "Needs a clear estimate, fast follow-up, and timeline confirmation."], ["created_at", "2026-05-02 12:37:28.093386"], ["updated_at", "2026-05-02 12:37:28.093386"]]
  [1m[36mTRANSACTION (1.4ms)[0m  [1m[35mCOMMIT[0m
  [1m[36mTRANSACTION (0.2ms)[0m  [1m[35mBEGIN[0m
  [1m[36mActivityLog Create (3.0ms)[0m  [1m[32mINSERT INTO "activity_logs" ("workspace_id", "lead_id", "user_id", "action", "metadata", "created_at", "updated_at") VALUES ($1, $2, $3, $4, $5, $6, $7) RETURNING "id"[0m  [["workspace_id", 1], ["lead_id", 16], ["user_id", 1], ["action", "lead_created"], ["metadata", "{\"source\":\"Website\"}"], ["created_at", "2026-05-02 12:37:28.101340"], ["updated_at", "2026-05-02 12:37:28.101340"]]
  [1m[36mTRANSACTION (1.5ms)[0m  [1m[35mCOMMIT[0m
  [1m[36mTRANSACTION (0.2ms)[0m  [1m[35mBEGIN[0m
  [1m[36mActivityLog Create (2.2ms)[0m  [1m[32mINSERT INTO "activity_logs" ("workspace_id", "lead_id", "user_id", "action", "metadata", "created_at", "updated_at") VALUES ($1, $2, $3, $4, $5, $6, $7) RETURNING "id"[0m  [["workspace_id", 1], ["lead_id", 16], ["user_id", 1], ["action", "status_changed"], ["metadata", "{\"from\":\"New\",\"to\":\"Proposal Sent\"}"], ["created_at", "2026-05-02 12:37:28.110697"], ["updated_at", "2026-05-02 12:37:28.110697"]]
  [1m[36mTRANSACTION (1.4ms)[0m  [1m[35mCOMMIT[0m
  [1m[36mTRANSACTION (0.3ms)[0m  [1m[35mBEGIN[0m
  [1m[36mLead Create (3.0ms)[0m  [1m[32mINSERT INTO "leads" ("workspace_id", "assigned_to_id", "name", "email", "phone", "company_name", "source", "status", "estimated_value", "priority", "next_follow_up_at", "notes_summary", "created_at", "updated_at") VALUES ($1, $2, $3, $4, $5, $6, $7, $8, $9, $10, $11, $12, $13, $14) RETURNING "id"[0m  [["workspace_id", 1], ["assigned_to_id", 2], ["name", "Sarah Collins"], ["email", "lead17@example.com"], ["phone", "555-0116"], ["company_name", "Urban Nest"], ["source", "Referral"], ["status", "Won"], ["estimated_value", "1800.0"], ["priority", "Medium"], ["next_follow_up_at", "2026-05-13 09:00:00"], ["notes_summary", "Needs a clear estimate, fast follow-up, and timeline confirmation."], ["created_at", "2026-05-02 12:37:28.118550"], ["updated_at", "2026-05-02 12:37:28.118550"]]
  [1m[36mTRANSACTION (1.5ms)[0m  [1m[35mCOMMIT[0m
  [1m[36mTRANSACTION (0.2ms)[0m  [1m[35mBEGIN[0m
  [1m[36mActivityLog Create (2.0ms)[0m  [1m[32mINSERT INTO "activity_logs" ("workspace_id", "lead_id", "user_id", "action", "metadata", "created_at", "updated_at") VALUES ($1, $2, $3, $4, $5, $6, $7) RETURNING "id"[0m  [["workspace_id", 1], ["lead_id", 17], ["user_id", 2], ["action", "lead_created"], ["metadata", "{\"source\":\"Referral\"}"], ["created_at", "2026-05-02 12:37:28.128058"], ["updated_at", "2026-05-02 12:37:28.128058"]]
  [1m[36mTRANSACTION (1.3ms)[0m  [1m[35mCOMMIT[0m
  [1m[36mTRANSACTION (0.2ms)[0m  [1m[35mBEGIN[0m
  [1m[36mNote Create (2.7ms)[0m  [1m[32mINSERT INTO "notes" ("lead_id", "user_id", "body", "created_at", "updated_at") VALUES ($1, $2, $3, $4, $5) RETURNING "id"[0m  [["lead_id", 17], ["user_id", 2], ["body", "Discovery call completed. Client asked for pricing, availability, and insurance details."], ["created_at", "2026-05-02 12:37:28.135328"], ["updated_at", "2026-05-02 12:37:28.135328"]]
  [1m[36mTRANSACTION (1.4ms)[0m  [1m[35mCOMMIT[0m
  [1m[36mTRANSACTION (0.2ms)[0m  [1m[35mBEGIN[0m
  [1m[36mActivityLog Create (2.4ms)[0m  [1m[32mINSERT INTO "activity_logs" ("workspace_id", "lead_id", "user_id", "action", "metadata", "created_at", "updated_at") VALUES ($1, $2, $3, $4, $5, $6, $7) RETURNING "id"[0m  [["workspace_id", 1], ["lead_id", 17], ["user_id", 2], ["action", "note_added"], ["metadata", "{\"note_id\":9}"], ["created_at", "2026-05-02 12:37:28.143764"], ["updated_at", "2026-05-02 12:37:28.143764"]]
  [1m[36mTRANSACTION (1.4ms)[0m  [1m[35mCOMMIT[0m
  [1m[36mTRANSACTION (0.2ms)[0m  [1m[35mBEGIN[0m
  [1m[36mActivityLog Create (2.9ms)[0m  [1m[32mINSERT INTO "activity_logs" ("workspace_id", "lead_id", "user_id", "action", "metadata", "created_at", "updated_at") VALUES ($1, $2, $3, $4, $5, $6, $7) RETURNING "id"[0m  [["workspace_id", 1], ["lead_id", 17], ["user_id", 2], ["action", "status_changed"], ["metadata", "{\"from\":\"New\",\"to\":\"Won\"}"], ["created_at", "2026-05-02 12:37:28.151378"], ["updated_at", "2026-05-02 12:37:28.151378"]]
  [1m[36mTRANSACTION (1.4ms)[0m  [1m[35mCOMMIT[0m
  [1m[36mTRANSACTION (0.2ms)[0m  [1m[35mBEGIN[0m
  [1m[36mLead Create (2.0ms)[0m  [1m[32mINSERT INTO "leads" ("workspace_id", "assigned_to_id", "name", "email", "phone", "company_name", "source", "status", "estimated_value", "priority", "next_follow_up_at", "notes_summary", "created_at", "updated_at") VALUES ($1, $2, $3, $4, $5, $6, $7, $8, $9, $10, $11, $12, $13, $14) RETURNING "id"[0m  [["workspace_id", 1], ["assigned_to_id", 3], ["name", "Monica Lee"], ["email", "lead18@example.com"], ["phone", "555-0117"], ["company_name", "Ridgeway Clinic"], ["source", "Facebook"], ["status", "Lost"], ["estimated_value", "1800.0"], ["priority", "High"], ["next_follow_up_at", "2026-05-14 14:00:00"], ["notes_summary", "Needs a clear estimate, fast follow-up, and timeline confirmation."], ["created_at", "2026-05-02 12:37:28.161175"], ["updated_at", "2026-05-02 12:37:28.161175"]]
  [1m[36mTRANSACTION (1.3ms)[0m  [1m[35mCOMMIT[0m
  [1m[36mTRANSACTION (0.2ms)[0m  [1m[35mBEGIN[0m
  [1m[36mActivityLog Create (2.9ms)[0m  [1m[32mINSERT INTO "activity_logs" ("workspace_id", "lead_id", "user_id", "action", "metadata", "created_at", "updated_at") VALUES ($1, $2, $3, $4, $5, $6, $7) RETURNING "id"[0m  [["workspace_id", 1], ["lead_id", 18], ["user_id", 3], ["action", "lead_created"], ["metadata", "{\"source\":\"Facebook\"}"], ["created_at", "2026-05-02 12:37:28.168545"], ["updated_at", "2026-05-02 12:37:28.168545"]]
  [1m[36mTRANSACTION (1.5ms)[0m  [1m[35mCOMMIT[0m
  [1m[36mTRANSACTION (0.2ms)[0m  [1m[35mBEGIN[0m
  [1m[36mActivityLog Create (2.2ms)[0m  [1m[32mINSERT INTO "activity_logs" ("workspace_id", "lead_id", "user_id", "action", "metadata", "created_at", "updated_at") VALUES ($1, $2, $3, $4, $5, $6, $7) RETURNING "id"[0m  [["workspace_id", 1], ["lead_id", 18], ["user_id", 3], ["action", "status_changed"], ["metadata", "{\"from\":\"New\",\"to\":\"Lost\"}"], ["created_at", "2026-05-02 12:37:28.176969"], ["updated_at", "2026-05-02 12:37:28.176969"]]
  [1m[36mTRANSACTION (1.4ms)[0m  [1m[35mCOMMIT[0m
  [1m[36mTRANSACTION (0.2ms)[0m  [1m[35mBEGIN[0m
  [1m[36mLead Create (2.8ms)[0m  [1m[32mINSERT INTO "leads" ("workspace_id", "assigned_to_id", "name", "email", "phone", "company_name", "source", "status", "estimated_value", "priority", "next_follow_up_at", "notes_summary", "created_at", "updated_at") VALUES ($1, $2, $3, $4, $5, $6, $7, $8, $9, $10, $11, $12, $13, $14) RETURNING "id"[0m  [["workspace_id", 1], ["assigned_to_id", 1], ["name", "Leo Brooks"], ["email", "lead19@example.com"], ["phone", "555-0118"], ["company_name", "Willow Lane Retail"], ["source", "Thumbtack"], ["status", "New"], ["estimated_value", "12500.0"], ["priority", "Low"], ["next_follow_up_at", "2026-05-15 14:00:00"], ["notes_summary", "Needs a clear estimate, fast follow-up, and timeline confirmation."], ["created_at", "2026-05-02 12:37:28.184784"], ["updated_at", "2026-05-02 12:37:28.184784"]]
  [1m[36mTRANSACTION (1.4ms)[0m  [1m[35mCOMMIT[0m
  [1m[36mTRANSACTION (0.2ms)[0m  [1m[35mBEGIN[0m
  [1m[36mActivityLog Create (2.2ms)[0m  [1m[32mINSERT INTO "activity_logs" ("workspace_id", "lead_id", "user_id", "action", "metadata", "created_at", "updated_at") VALUES ($1, $2, $3, $4, $5, $6, $7) RETURNING "id"[0m  [["workspace_id", 1], ["lead_id", 19], ["user_id", 1], ["action", "lead_created"], ["metadata", "{\"source\":\"Thumbtack\"}"], ["created_at", "2026-05-02 12:37:28.192942"], ["updated_at", "2026-05-02 12:37:28.192942"]]
  [1m[36mTRANSACTION (1.4ms)[0m  [1m[35mCOMMIT[0m
  [1m[36mTRANSACTION (0.2ms)[0m  [1m[35mBEGIN[0m
  [1m[36mNote Create (2.3ms)[0m  [1m[32mINSERT INTO "notes" ("lead_id", "user_id", "body", "created_at", "updated_at") VALUES ($1, $2, $3, $4, $5) RETURNING "id"[0m  [["lead_id", 19], ["user_id", 2], ["body", "Discovery call completed. Client asked for pricing, availability, and insurance details."], ["created_at", "2026-05-02 12:37:28.200463"], ["updated_at", "2026-05-02 12:37:28.200463"]]
  [1m[36mTRANSACTION (1.5ms)[0m  [1m[35mCOMMIT[0m
  [1m[36mTRANSACTION (0.3ms)[0m  [1m[35mBEGIN[0m
  [1m[36mActivityLog Create (2.5ms)[0m  [1m[32mINSERT INTO "activity_logs" ("workspace_id", "lead_id", "user_id", "action", "metadata", "created_at", "updated_at") VALUES ($1, $2, $3, $4, $5, $6, $7) RETURNING "id"[0m  [["workspace_id", 1], ["lead_id", 19], ["user_id", 2], ["action", "note_added"], ["metadata", "{\"note_id\":10}"], ["created_at", "2026-05-02 12:37:28.208377"], ["updated_at", "2026-05-02 12:37:28.208377"]]
  [1m[36mTRANSACTION (1.6ms)[0m  [1m[35mCOMMIT[0m
  [1m[36mTRANSACTION (0.3ms)[0m  [1m[35mBEGIN[0m
  [1m[36mLead Create (2.6ms)[0m  [1m[32mINSERT INTO "leads" ("workspace_id", "assigned_to_id", "name", "email", "phone", "company_name", "source", "status", "estimated_value", "priority", "next_follow_up_at", "notes_summary", "created_at", "updated_at") VALUES ($1, $2, $3, $4, $5, $6, $7, $8, $9, $10, $11, $12, $13, $14) RETURNING "id"[0m  [["workspace_id", 1], ["assigned_to_id", 2], ["name", "Leo Brooks"], ["email", "lead20@example.com"], ["phone", "555-0119"], ["company_name", "Bayside Condos"], ["source", "Yelp"], ["status", "Contacted"], ["estimated_value", "5200.0"], ["priority", "Medium"], ["next_follow_up_at", "2026-05-16 11:00:00"], ["notes_summary", "Needs a clear estimate, fast follow-up, and timeline confirmation."], ["created_at", "2026-05-02 12:37:28.216519"], ["updated_at", "2026-05-02 12:37:28.216519"]]
  [1m[36mTRANSACTION (1.7ms)[0m  [1m[35mCOMMIT[0m
  [1m[36mTRANSACTION (0.3ms)[0m  [1m[35mBEGIN[0m
  [1m[36mActivityLog Create (2.7ms)[0m  [1m[32mINSERT INTO "activity_logs" ("workspace_id", "lead_id", "user_id", "action", "metadata", "created_at", "updated_at") VALUES ($1, $2, $3, $4, $5, $6, $7) RETURNING "id"[0m  [["workspace_id", 1], ["lead_id", 20], ["user_id", 2], ["action", "lead_created"], ["metadata", "{\"source\":\"Yelp\"}"], ["created_at", "2026-05-02 12:37:28.225394"], ["updated_at", "2026-05-02 12:37:28.225394"]]
  [1m[36mTRANSACTION (1.6ms)[0m  [1m[35mCOMMIT[0m
  [1m[36mTRANSACTION (0.3ms)[0m  [1m[35mBEGIN[0m
  [1m[36mActivityLog Create (2.8ms)[0m  [1m[32mINSERT INTO "activity_logs" ("workspace_id", "lead_id", "user_id", "action", "metadata", "created_at", "updated_at") VALUES ($1, $2, $3, $4, $5, $6, $7) RETURNING "id"[0m  [["workspace_id", 1], ["lead_id", 20], ["user_id", 2], ["action", "status_changed"], ["metadata", "{\"from\":\"New\",\"to\":\"Contacted\"}"], ["created_at", "2026-05-02 12:37:28.234192"], ["updated_at", "2026-05-02 12:37:28.234192"]]
  [1m[36mTRANSACTION (1.4ms)[0m  [1m[35mCOMMIT[0m
  [1m[36mTRANSACTION (0.3ms)[0m  [1m[35mBEGIN[0m
  [1m[36mLead Create (2.1ms)[0m  [1m[32mINSERT INTO "leads" ("workspace_id", "assigned_to_id", "name", "email", "phone", "company_name", "source", "status", "estimated_value", "priority", "next_follow_up_at", "notes_summary", "created_at", "updated_at") VALUES ($1, $2, $3, $4, $5, $6, $7, $8, $9, $10, $11, $12, $13, $14) RETURNING "id"[0m  [["workspace_id", 1], ["assigned_to_id", 3], ["name", "Leo Brooks"], ["email", "lead21@example.com"], ["phone", "555-0120"], ["company_name", "PrimeCare Medical"], ["source", "Cold Outreach"], ["status", "Qualified"], ["estimated_value", "5200.0"], ["priority", "High"], ["next_follow_up_at", "2026-05-17 09:00:00"], ["notes_summary", "Needs a clear estimate, fast follow-up, and timeline confirmation."], ["created_at", "2026-05-02 12:37:28.242597"], ["updated_at", "2026-05-02 12:37:28.242597"]]
  [1m[36mTRANSACTION (1.4ms)[0m  [1m[35mCOMMIT[0m
  [1m[36mTRANSACTION (0.3ms)[0m  [1m[35mBEGIN[0m
  [1m[36mActivityLog Create (2.2ms)[0m  [1m[32mINSERT INTO "activity_logs" ("workspace_id", "lead_id", "user_id", "action", "metadata", "created_at", "updated_at") VALUES ($1, $2, $3, $4, $5, $6, $7) RETURNING "id"[0m  [["workspace_id", 1], ["lead_id", 21], ["user_id", 3], ["action", "lead_created"], ["metadata", "{\"source\":\"Cold Outreach\"}"], ["created_at", "2026-05-02 12:37:28.249850"], ["updated_at", "2026-05-02 12:37:28.249850"]]
  [1m[36mTRANSACTION (1.5ms)[0m  [1m[35mCOMMIT[0m
  [1m[36mTRANSACTION (0.3ms)[0m  [1m[35mBEGIN[0m
  [1m[36mNote Create (2.2ms)[0m  [1m[32mINSERT INTO "notes" ("lead_id", "user_id", "body", "created_at", "updated_at") VALUES ($1, $2, $3, $4, $5) RETURNING "id"[0m  [["lead_id", 21], ["user_id", 2], ["body", "Discovery call completed. Client asked for pricing, availability, and insurance details."], ["created_at", "2026-05-02 12:37:28.257676"], ["updated_at", "2026-05-02 12:37:28.257676"]]
  [1m[36mTRANSACTION (1.5ms)[0m  [1m[35mCOMMIT[0m
  [1m[36mTRANSACTION (0.3ms)[0m  [1m[35mBEGIN[0m
  [1m[36mActivityLog Create (2.3ms)[0m  [1m[32mINSERT INTO "activity_logs" ("workspace_id", "lead_id", "user_id", "action", "metadata", "created_at", "updated_at") VALUES ($1, $2, $3, $4, $5, $6, $7) RETURNING "id"[0m  [["workspace_id", 1], ["lead_id", 21], ["user_id", 2], ["action", "note_added"], ["metadata", "{\"note_id\":11}"], ["created_at", "2026-05-02 12:37:28.264994"], ["updated_at", "2026-05-02 12:37:28.264994"]]
  [1m[36mTRANSACTION (1.5ms)[0m  [1m[35mCOMMIT[0m
  [1m[36mTRANSACTION (0.3ms)[0m  [1m[35mBEGIN[0m
  [1m[36mActivityLog Create (2.6ms)[0m  [1m[32mINSERT INTO "activity_logs" ("workspace_id", "lead_id", "user_id", "action", "metadata", "created_at", "updated_at") VALUES ($1, $2, $3, $4, $5, $6, $7) RETURNING "id"[0m  [["workspace_id", 1], ["lead_id", 21], ["user_id", 3], ["action", "status_changed"], ["metadata", "{\"from\":\"New\",\"to\":\"Qualified\"}"], ["created_at", "2026-05-02 12:37:28.272652"], ["updated_at", "2026-05-02 12:37:28.272652"]]
  [1m[36mTRANSACTION (1.5ms)[0m  [1m[35mCOMMIT[0m
  [1m[36mTRANSACTION (0.3ms)[0m  [1m[35mBEGIN[0m
  [1m[36mLead Create (2.3ms)[0m  [1m[32mINSERT INTO "leads" ("workspace_id", "assigned_to_id", "name", "email", "phone", "company_name", "source", "status", "estimated_value", "priority", "next_follow_up_at", "notes_summary", "created_at", "updated_at") VALUES ($1, $2, $3, $4, $5, $6, $7, $8, $9, $10, $11, $12, $13, $14) RETURNING "id"[0m  [["workspace_id", 1], ["assigned_to_id", 1], ["name", "David Kim"], ["email", "lead22@example.com"], ["phone", "555-0121"], ["company_name", "Liberty Warehouse"], ["source", "Google Ads"], ["status", "Proposal Sent"], ["estimated_value", "1800.0"], ["priority", "Low"], ["next_follow_up_at", "2026-05-18 09:00:00"], ["notes_summary", "Needs a clear estimate, fast follow-up, and timeline confirmation."], ["created_at", "2026-05-02 12:37:28.280917"], ["updated_at", "2026-05-02 12:37:28.280917"]]
  [1m[36mTRANSACTION (1.3ms)[0m  [1m[35mCOMMIT[0m
  [1m[36mTRANSACTION (0.2ms)[0m  [1m[35mBEGIN[0m
  [1m[36mActivityLog Create (2.4ms)[0m  [1m[32mINSERT INTO "activity_logs" ("workspace_id", "lead_id", "user_id", "action", "metadata", "created_at", "updated_at") VALUES ($1, $2, $3, $4, $5, $6, $7) RETURNING "id"[0m  [["workspace_id", 1], ["lead_id", 22], ["user_id", 1], ["action", "lead_created"], ["metadata", "{\"source\":\"Google Ads\"}"], ["created_at", "2026-05-02 12:37:28.288868"], ["updated_at", "2026-05-02 12:37:28.288868"]]
  [1m[36mTRANSACTION (1.4ms)[0m  [1m[35mCOMMIT[0m
  [1m[36mTRANSACTION (0.2ms)[0m  [1m[35mBEGIN[0m
  [1m[36mActivityLog Create (2.3ms)[0m  [1m[32mINSERT INTO "activity_logs" ("workspace_id", "lead_id", "user_id", "action", "metadata", "created_at", "updated_at") VALUES ($1, $2, $3, $4, $5, $6, $7) RETURNING "id"[0m  [["workspace_id", 1], ["lead_id", 22], ["user_id", 1], ["action", "status_changed"], ["metadata", "{\"from\":\"New\",\"to\":\"Proposal Sent\"}"], ["created_at", "2026-05-02 12:37:28.296684"], ["updated_at", "2026-05-02 12:37:28.296684"]]
  [1m[36mTRANSACTION (1.7ms)[0m  [1m[35mCOMMIT[0m
  [1m[36mTRANSACTION (0.3ms)[0m  [1m[35mBEGIN[0m
  [1m[36mLead Create (2.3ms)[0m  [1m[32mINSERT INTO "leads" ("workspace_id", "assigned_to_id", "name", "email", "phone", "company_name", "source", "status", "estimated_value", "priority", "next_follow_up_at", "notes_summary", "created_at", "updated_at") VALUES ($1, $2, $3, $4, $5, $6, $7, $8, $9, $10, $11, $12, $13, $14) RETURNING "id"[0m  [["workspace_id", 1], ["assigned_to_id", 2], ["name", "James Walker"], ["email", "lead23@example.com"], ["phone", "555-0122"], ["company_name", "Aster Agency"], ["source", "Website"], ["status", "Won"], ["estimated_value", "1800.0"], ["priority", "Medium"], ["next_follow_up_at", "2026-05-19 16:00:00"], ["notes_summary", "Needs a clear estimate, fast follow-up, and timeline confirmation."], ["created_at", "2026-05-02 12:37:28.305412"], ["updated_at", "2026-05-02 12:37:28.305412"]]
  [1m[36mTRANSACTION (1.6ms)[0m  [1m[35mCOMMIT[0m
  [1m[36mTRANSACTION (0.2ms)[0m  [1m[35mBEGIN[0m
  [1m[36mActivityLog Create (2.0ms)[0m  [1m[32mINSERT INTO "activity_logs" ("workspace_id", "lead_id", "user_id", "action", "metadata", "created_at", "updated_at") VALUES ($1, $2, $3, $4, $5, $6, $7) RETURNING "id"[0m  [["workspace_id", 1], ["lead_id", 23], ["user_id", 2], ["action", "lead_created"], ["metadata", "{\"source\":\"Website\"}"], ["created_at", "2026-05-02 12:37:28.313166"], ["updated_at", "2026-05-02 12:37:28.313166"]]
  [1m[36mTRANSACTION (1.4ms)[0m  [1m[35mCOMMIT[0m
  [1m[36mTRANSACTION (0.2ms)[0m  [1m[35mBEGIN[0m
  [1m[36mNote Create (2.3ms)[0m  [1m[32mINSERT INTO "notes" ("lead_id", "user_id", "body", "created_at", "updated_at") VALUES ($1, $2, $3, $4, $5) RETURNING "id"[0m  [["lead_id", 23], ["user_id", 2], ["body", "Discovery call completed. Client asked for pricing, availability, and insurance details."], ["created_at", "2026-05-02 12:37:28.321206"], ["updated_at", "2026-05-02 12:37:28.321206"]]
  [1m[36mTRANSACTION (1.5ms)[0m  [1m[35mCOMMIT[0m
  [1m[36mTRANSACTION (0.2ms)[0m  [1m[35mBEGIN[0m
  [1m[36mActivityLog Create (2.2ms)[0m  [1m[32mINSERT INTO "activity_logs" ("workspace_id", "lead_id", "user_id", "action", "metadata", "created_at", "updated_at") VALUES ($1, $2, $3, $4, $5, $6, $7) RETURNING "id"[0m  [["workspace_id", 1], ["lead_id", 23], ["user_id", 2], ["action", "note_added"], ["metadata", "{\"note_id\":12}"], ["created_at", "2026-05-02 12:37:28.329523"], ["updated_at", "2026-05-02 12:37:28.329523"]]
  [1m[36mTRANSACTION (1.4ms)[0m  [1m[35mCOMMIT[0m
  [1m[36mTRANSACTION (0.2ms)[0m  [1m[35mBEGIN[0m
  [1m[36mActivityLog Create (2.3ms)[0m  [1m[32mINSERT INTO "activity_logs" ("workspace_id", "lead_id", "user_id", "action", "metadata", "created_at", "updated_at") VALUES ($1, $2, $3, $4, $5, $6, $7) RETURNING "id"[0m  [["workspace_id", 1], ["lead_id", 23], ["user_id", 2], ["action", "status_changed"], ["metadata", "{\"from\":\"New\",\"to\":\"Won\"}"], ["created_at", "2026-05-02 12:37:28.336923"], ["updated_at", "2026-05-02 12:37:28.336923"]]
  [1m[36mTRANSACTION (1.5ms)[0m  [1m[35mCOMMIT[0m
  [1m[36mTRANSACTION (0.3ms)[0m  [1m[35mBEGIN[0m
  [1m[36mLead Create (2.3ms)[0m  [1m[32mINSERT INTO "leads" ("workspace_id", "assigned_to_id", "name", "email", "phone", "company_name", "source", "status", "estimated_value", "priority", "next_follow_up_at", "notes_summary", "created_at", "updated_at") VALUES ($1, $2, $3, $4, $5, $6, $7, $8, $9, $10, $11, $12, $13, $14) RETURNING "id"[0m  [["workspace_id", 1], ["assigned_to_id", 3], ["name", "Sarah Collins"], ["email", "lead24@example.com"], ["phone", "555-0123"], ["company_name", "Lakeside Market"], ["source", "Referral"], ["status", "Lost"], ["estimated_value", "3900.0"], ["priority", "High"], ["next_follow_up_at", "2026-05-20 09:00:00"], ["notes_summary", "Needs a clear estimate, fast follow-up, and timeline confirmation."], ["created_at", "2026-05-02 12:37:28.344750"], ["updated_at", "2026-05-02 12:37:28.344750"]]
  [1m[36mTRANSACTION (1.4ms)[0m  [1m[35mCOMMIT[0m
  [1m[36mTRANSACTION (0.3ms)[0m  [1m[35mBEGIN[0m
  [1m[36mActivityLog Create (2.4ms)[0m  [1m[32mINSERT INTO "activity_logs" ("workspace_id", "lead_id", "user_id", "action", "metadata", "created_at", "updated_at") VALUES ($1, $2, $3, $4, $5, $6, $7) RETURNING "id"[0m  [["workspace_id", 1], ["lead_id", 24], ["user_id", 3], ["action", "lead_created"], ["metadata", "{\"source\":\"Referral\"}"], ["created_at", "2026-05-02 12:37:28.352592"], ["updated_at", "2026-05-02 12:37:28.352592"]]
  [1m[36mTRANSACTION (1.5ms)[0m  [1m[35mCOMMIT[0m
  [1m[36mTRANSACTION (0.2ms)[0m  [1m[35mBEGIN[0m
  [1m[36mActivityLog Create (2.3ms)[0m  [1m[32mINSERT INTO "activity_logs" ("workspace_id", "lead_id", "user_id", "action", "metadata", "created_at", "updated_at") VALUES ($1, $2, $3, $4, $5, $6, $7) RETURNING "id"[0m  [["workspace_id", 1], ["lead_id", 24], ["user_id", 3], ["action", "status_changed"], ["metadata", "{\"from\":\"New\",\"to\":\"Lost\"}"], ["created_at", "2026-05-02 12:37:28.360270"], ["updated_at", "2026-05-02 12:37:28.360270"]]
  [1m[36mTRANSACTION (1.4ms)[0m  [1m[35mCOMMIT[0m
  [1m[36mTRANSACTION (0.3ms)[0m  [1m[35mBEGIN[0m
  [1m[36mLead Create (2.1ms)[0m  [1m[32mINSERT INTO "leads" ("workspace_id", "assigned_to_id", "name", "email", "phone", "company_name", "source", "status", "estimated_value", "priority", "next_follow_up_at", "notes_summary", "created_at", "updated_at") VALUES ($1, $2, $3, $4, $5, $6, $7, $8, $9, $10, $11, $12, $13, $14) RETURNING "id"[0m  [["workspace_id", 1], ["assigned_to_id", 1], ["name", "David Kim"], ["email", "lead25@example.com"], ["phone", "555-0124"], ["company_name", "Horizon Offices"], ["source", "Facebook"], ["status", "New"], ["estimated_value", "950.0"], ["priority", "Low"], ["next_follow_up_at", "2026-05-21 09:00:00"], ["notes_summary", "Needs a clear estimate, fast follow-up, and timeline confirmation."], ["created_at", "2026-05-02 12:37:28.367595"], ["updated_at", "2026-05-02 12:37:28.367595"]]
  [1m[36mTRANSACTION (1.4ms)[0m  [1m[35mCOMMIT[0m
  [1m[36mTRANSACTION (0.2ms)[0m  [1m[35mBEGIN[0m
  [1m[36mActivityLog Create (2.8ms)[0m  [1m[32mINSERT INTO "activity_logs" ("workspace_id", "lead_id", "user_id", "action", "metadata", "created_at", "updated_at") VALUES ($1, $2, $3, $4, $5, $6, $7) RETURNING "id"[0m  [["workspace_id", 1], ["lead_id", 25], ["user_id", 1], ["action", "lead_created"], ["metadata", "{\"source\":\"Facebook\"}"], ["created_at", "2026-05-02 12:37:28.375312"], ["updated_at", "2026-05-02 12:37:28.375312"]]
  [1m[36mTRANSACTION (1.8ms)[0m  [1m[35mCOMMIT[0m
  [1m[36mTRANSACTION (0.3ms)[0m  [1m[35mBEGIN[0m
  [1m[36mNote Create (2.3ms)[0m  [1m[32mINSERT INTO "notes" ("lead_id", "user_id", "body", "created_at", "updated_at") VALUES ($1, $2, $3, $4, $5) RETURNING "id"[0m  [["lead_id", 25], ["user_id", 2], ["body", "Discovery call completed. Client asked for pricing, availability, and insurance details."], ["created_at", "2026-05-02 12:37:28.385982"], ["updated_at", "2026-05-02 12:37:28.385982"]]
  [1m[36mTRANSACTION (1.6ms)[0m  [1m[35mCOMMIT[0m
  [1m[36mTRANSACTION (0.3ms)[0m  [1m[35mBEGIN[0m
  [1m[36mActivityLog Create (2.4ms)[0m  [1m[32mINSERT INTO "activity_logs" ("workspace_id", "lead_id", "user_id", "action", "metadata", "created_at", "updated_at") VALUES ($1, $2, $3, $4, $5, $6, $7) RETURNING "id"[0m  [["workspace_id", 1], ["lead_id", 25], ["user_id", 2], ["action", "note_added"], ["metadata", "{\"note_id\":13}"], ["created_at", "2026-05-02 12:37:28.393637"], ["updated_at", "2026-05-02 12:37:28.393637"]]
  [1m[36mTRANSACTION (1.6ms)[0m  [1m[35mCOMMIT[0m
  [1m[36mWorkspace Count (0.8ms)[0m  [1m[34mSELECT COUNT(*) FROM "workspaces"[0m
  [1m[36mUser Count (0.5ms)[0m  [1m[34mSELECT COUNT(*) FROM "users"[0m
  [1m[36mLead Count (0.7ms)[0m  [1m[34mSELECT COUNT(*) FROM "leads"[0m
  [1m[35m (0.9ms)[0m  [1m[35mCREATE DATABASE "backend_development" ENCODING = 'unicode'[0m
  [1m[35m (0.6ms)[0m  [1m[35mCREATE DATABASE "backend_test" ENCODING = 'unicode'[0m
  [1m[35m (0.3ms)[0m  [1m[34mSELECT pg_try_advisory_lock(5073945470573576205)[0m
  [1m[36mActiveRecord::SchemaMigration Load (0.9ms)[0m  [1m[34mSELECT "schema_migrations"."version" FROM "schema_migrations" ORDER BY "schema_migrations"."version" ASC[0m
  [1m[36mActiveRecord::InternalMetadata Load (1.5ms)[0m  [1m[34mSELECT * FROM "ar_internal_metadata" WHERE "ar_internal_metadata"."key" = $1 ORDER BY "ar_internal_metadata"."key" ASC LIMIT 1[0m  [[nil, "environment"]]
  [1m[35m (0.4ms)[0m  [1m[34mSELECT pg_advisory_unlock(5073945470573576205)[0m
  [1m[36mActiveRecord::SchemaMigration Load (0.4ms)[0m  [1m[34mSELECT "schema_migrations"."version" FROM "schema_migrations" ORDER BY "schema_migrations"."version" ASC[0m
  [1m[36mActiveRecord::SchemaMigration Load (0.4ms)[0m  [1m[34mSELECT "schema_migrations"."version" FROM "schema_migrations" ORDER BY "schema_migrations"."version" ASC[0m
  [1m[36mActivityLog Load (1.3ms)[0m  [1m[34mSELECT "activity_logs".* FROM "activity_logs"[0m
  [1m[36mTRANSACTION (0.4ms)[0m  [1m[35mBEGIN[0m
  [1m[36mActivityLog Destroy (4.7ms)[0m  [1m[31mDELETE FROM "activity_logs" WHERE "activity_logs"."id" = $1[0m  [["id", 1]]
  [1m[36mTRANSACTION (1.6ms)[0m  [1m[35mCOMMIT[0m
  [1m[36mTRANSACTION (0.3ms)[0m  [1m[35mBEGIN[0m
  [1m[36mActivityLog Destroy (2.9ms)[0m  [1m[31mDELETE FROM "activity_logs" WHERE "activity_logs"."id" = $1[0m  [["id", 2]]
  [1m[36mTRANSACTION (1.4ms)[0m  [1m[35mCOMMIT[0m
  [1m[36mTRANSACTION (0.2ms)[0m  [1m[35mBEGIN[0m
  [1m[36mActivityLog Destroy (3.0ms)[0m  [1m[31mDELETE FROM "activity_logs" WHERE "activity_logs"."id" = $1[0m  [["id", 3]]
  [1m[36mTRANSACTION (1.6ms)[0m  [1m[35mCOMMIT[0m
  [1m[36mTRANSACTION (0.3ms)[0m  [1m[35mBEGIN[0m
  [1m[36mActivityLog Destroy (3.6ms)[0m  [1m[31mDELETE FROM "activity_logs" WHERE "activity_logs"."id" = $1[0m  [["id", 4]]
  [1m[36mTRANSACTION (1.7ms)[0m  [1m[35mCOMMIT[0m
  [1m[36mTRANSACTION (0.3ms)[0m  [1m[35mBEGIN[0m
  [1m[36mActivityLog Destroy (3.0ms)[0m  [1m[31mDELETE FROM "activity_logs" WHERE "activity_logs"."id" = $1[0m  [["id", 5]]
  [1m[36mTRANSACTION (1.4ms)[0m  [1m[35mCOMMIT[0m
  [1m[36mTRANSACTION (0.2ms)[0m  [1m[35mBEGIN[0m
  [1m[36mActivityLog Destroy (3.0ms)[0m  [1m[31mDELETE FROM "activity_logs" WHERE "activity_logs"."id" = $1[0m  [["id", 6]]
  [1m[36mTRANSACTION (1.5ms)[0m  [1m[35mCOMMIT[0m
  [1m[36mTRANSACTION (0.3ms)[0m  [1m[35mBEGIN[0m
  [1m[36mActivityLog Destroy (3.0ms)[0m  [1m[31mDELETE FROM "activity_logs" WHERE "activity_logs"."id" = $1[0m  [["id", 7]]
  [1m[36mTRANSACTION (1.5ms)[0m  [1m[35mCOMMIT[0m
  [1m[36mTRANSACTION (0.3ms)[0m  [1m[35mBEGIN[0m
  [1m[36mActivityLog Destroy (3.0ms)[0m  [1m[31mDELETE FROM "activity_logs" WHERE "activity_logs"."id" = $1[0m  [["id", 8]]
  [1m[36mTRANSACTION (1.5ms)[0m  [1m[35mCOMMIT[0m
  [1m[36mTRANSACTION (0.2ms)[0m  [1m[35mBEGIN[0m
  [1m[36mActivityLog Destroy (2.5ms)[0m  [1m[31mDELETE FROM "activity_logs" WHERE "activity_logs"."id" = $1[0m  [["id", 9]]
  [1m[36mTRANSACTION (1.4ms)[0m  [1m[35mCOMMIT[0m
  [1m[36mTRANSACTION (0.3ms)[0m  [1m[35mBEGIN[0m
  [1m[36mActivityLog Destroy (2.6ms)[0m  [1m[31mDELETE FROM "activity_logs" WHERE "activity_logs"."id" = $1[0m  [["id", 10]]
  [1m[36mTRANSACTION (1.6ms)[0m  [1m[35mCOMMIT[0m
  [1m[36mTRANSACTION (0.2ms)[0m  [1m[35mBEGIN[0m
  [1m[36mActivityLog Destroy (2.7ms)[0m  [1m[31mDELETE FROM "activity_logs" WHERE "activity_logs"."id" = $1[0m  [["id", 11]]
  [1m[36mTRANSACTION (1.5ms)[0m  [1m[35mCOMMIT[0m
  [1m[36mTRANSACTION (0.2ms)[0m  [1m[35mBEGIN[0m
  [1m[36mActivityLog Destroy (2.4ms)[0m  [1m[31mDELETE FROM "activity_logs" WHERE "activity_logs"."id" = $1[0m  [["id", 12]]
  [1m[36mTRANSACTION (1.5ms)[0m  [1m[35mCOMMIT[0m
  [1m[36mTRANSACTION (0.2ms)[0m  [1m[35mBEGIN[0m
  [1m[36mActivityLog Destroy (2.6ms)[0m  [1m[31mDELETE FROM "activity_logs" WHERE "activity_logs"."id" = $1[0m  [["id", 13]]
  [1m[36mTRANSACTION (1.5ms)[0m  [1m[35mCOMMIT[0m
  [1m[36mTRANSACTION (0.2ms)[0m  [1m[35mBEGIN[0m
  [1m[36mActivityLog Destroy (2.5ms)[0m  [1m[31mDELETE FROM "activity_logs" WHERE "activity_logs"."id" = $1[0m  [["id", 14]]
  [1m[36mTRANSACTION (1.4ms)[0m  [1m[35mCOMMIT[0m
  [1m[36mTRANSACTION (0.3ms)[0m  [1m[35mBEGIN[0m
  [1m[36mActivityLog Destroy (2.8ms)[0m  [1m[31mDELETE FROM "activity_logs" WHERE "activity_logs"."id" = $1[0m  [["id", 15]]
  [1m[36mTRANSACTION (1.5ms)[0m  [1m[35mCOMMIT[0m
  [1m[36mTRANSACTION (0.2ms)[0m  [1m[35mBEGIN[0m
  [1m[36mActivityLog Destroy (2.5ms)[0m  [1m[31mDELETE FROM "activity_logs" WHERE "activity_logs"."id" = $1[0m  [["id", 16]]
  [1m[36mTRANSACTION (1.5ms)[0m  [1m[35mCOMMIT[0m
  [1m[36mTRANSACTION (0.3ms)[0m  [1m[35mBEGIN[0m
  [1m[36mActivityLog Destroy (2.2ms)[0m  [1m[31mDELETE FROM "activity_logs" WHERE "activity_logs"."id" = $1[0m  [["id", 17]]
  [1m[36mTRANSACTION (1.8ms)[0m  [1m[35mCOMMIT[0m
  [1m[36mTRANSACTION (0.3ms)[0m  [1m[35mBEGIN[0m
  [1m[36mActivityLog Destroy (2.6ms)[0m  [1m[31mDELETE FROM "activity_logs" WHERE "activity_logs"."id" = $1[0m  [["id", 18]]
  [1m[36mTRANSACTION (1.8ms)[0m  [1m[35mCOMMIT[0m
  [1m[36mTRANSACTION (0.3ms)[0m  [1m[35mBEGIN[0m
  [1m[36mActivityLog Destroy (2.4ms)[0m  [1m[31mDELETE FROM "activity_logs" WHERE "activity_logs"."id" = $1[0m  [["id", 19]]
  [1m[36mTRANSACTION (1.7ms)[0m  [1m[35mCOMMIT[0m
  [1m[36mTRANSACTION (0.3ms)[0m  [1m[35mBEGIN[0m
  [1m[36mActivityLog Destroy (2.1ms)[0m  [1m[31mDELETE FROM "activity_logs" WHERE "activity_logs"."id" = $1[0m  [["id", 20]]
  [1m[36mTRANSACTION (1.7ms)[0m  [1m[35mCOMMIT[0m
  [1m[36mTRANSACTION (0.3ms)[0m  [1m[35mBEGIN[0m
  [1m[36mActivityLog Destroy (2.1ms)[0m  [1m[31mDELETE FROM "activity_logs" WHERE "activity_logs"."id" = $1[0m  [["id", 21]]
  [1m[36mTRANSACTION (1.6ms)[0m  [1m[35mCOMMIT[0m
  [1m[36mTRANSACTION (0.3ms)[0m  [1m[35mBEGIN[0m
  [1m[36mActivityLog Destroy (4.4ms)[0m  [1m[31mDELETE FROM "activity_logs" WHERE "activity_logs"."id" = $1[0m  [["id", 22]]
  [1m[36mTRANSACTION (1.7ms)[0m  [1m[35mCOMMIT[0m
  [1m[36mTRANSACTION (6.1ms)[0m  [1m[35mBEGIN[0m
  [1m[36mActivityLog Destroy (9.1ms)[0m  [1m[31mDELETE FROM "activity_logs" WHERE "activity_logs"."id" = $1[0m  [["id", 23]]
  [1m[36mTRANSACTION (5.2ms)[0m  [1m[35mCOMMIT[0m
  [1m[36mTRANSACTION (0.4ms)[0m  [1m[35mBEGIN[0m
  [1m[36mActivityLog Destroy (5.1ms)[0m  [1m[31mDELETE FROM "activity_logs" WHERE "activity_logs"."id" = $1[0m  [["id", 24]]
  [1m[36mTRANSACTION (1.3ms)[0m  [1m[35mCOMMIT[0m
  [1m[36mTRANSACTION (0.2ms)[0m  [1m[35mBEGIN[0m
  [1m[36mActivityLog Destroy (2.3ms)[0m  [1m[31mDELETE FROM "activity_logs" WHERE "activity_logs"."id" = $1[0m  [["id", 25]]
  [1m[36mTRANSACTION (2.3ms)[0m  [1m[35mCOMMIT[0m
  [1m[36mTRANSACTION (0.2ms)[0m  [1m[35mBEGIN[0m
  [1m[36mActivityLog Destroy (1.7ms)[0m  [1m[31mDELETE FROM "activity_logs" WHERE "activity_logs"."id" = $1[0m  [["id", 26]]
  [1m[36mTRANSACTION (1.5ms)[0m  [1m[35mCOMMIT[0m
  [1m[36mTRANSACTION (0.2ms)[0m  [1m[35mBEGIN[0m
  [1m[36mActivityLog Destroy (1.6ms)[0m  [1m[31mDELETE FROM "activity_logs" WHERE "activity_logs"."id" = $1[0m  [["id", 27]]
  [1m[36mTRANSACTION (1.4ms)[0m  [1m[35mCOMMIT[0m
  [1m[36mTRANSACTION (0.2ms)[0m  [1m[35mBEGIN[0m
  [1m[36mActivityLog Destroy (1.5ms)[0m  [1m[31mDELETE FROM "activity_logs" WHERE "activity_logs"."id" = $1[0m  [["id", 28]]
  [1m[36mTRANSACTION (1.4ms)[0m  [1m[35mCOMMIT[0m
  [1m[36mTRANSACTION (0.2ms)[0m  [1m[35mBEGIN[0m
  [1m[36mActivityLog Destroy (1.7ms)[0m  [1m[31mDELETE FROM "activity_logs" WHERE "activity_logs"."id" = $1[0m  [["id", 29]]
  [1m[36mTRANSACTION (1.3ms)[0m  [1m[35mCOMMIT[0m
  [1m[36mTRANSACTION (0.2ms)[0m  [1m[35mBEGIN[0m
  [1m[36mActivityLog Destroy (1.5ms)[0m  [1m[31mDELETE FROM "activity_logs" WHERE "activity_logs"."id" = $1[0m  [["id", 30]]
  [1m[36mTRANSACTION (1.3ms)[0m  [1m[35mCOMMIT[0m
  [1m[36mTRANSACTION (0.2ms)[0m  [1m[35mBEGIN[0m
  [1m[36mActivityLog Destroy (1.4ms)[0m  [1m[31mDELETE FROM "activity_logs" WHERE "activity_logs"."id" = $1[0m  [["id", 31]]
  [1m[36mTRANSACTION (1.3ms)[0m  [1m[35mCOMMIT[0m
  [1m[36mTRANSACTION (0.2ms)[0m  [1m[35mBEGIN[0m
  [1m[36mActivityLog Destroy (1.5ms)[0m  [1m[31mDELETE FROM "activity_logs" WHERE "activity_logs"."id" = $1[0m  [["id", 32]]
  [1m[36mTRANSACTION (1.4ms)[0m  [1m[35mCOMMIT[0m
  [1m[36mTRANSACTION (0.2ms)[0m  [1m[35mBEGIN[0m
  [1m[36mActivityLog Destroy (1.5ms)[0m  [1m[31mDELETE FROM "activity_logs" WHERE "activity_logs"."id" = $1[0m  [["id", 33]]
  [1m[36mTRANSACTION (1.3ms)[0m  [1m[35mCOMMIT[0m
  [1m[36mTRANSACTION (0.1ms)[0m  [1m[35mBEGIN[0m
  [1m[36mActivityLog Destroy (1.4ms)[0m  [1m[31mDELETE FROM "activity_logs" WHERE "activity_logs"."id" = $1[0m  [["id", 34]]
  [1m[36mTRANSACTION (1.2ms)[0m  [1m[35mCOMMIT[0m
  [1m[36mTRANSACTION (0.1ms)[0m  [1m[35mBEGIN[0m
  [1m[36mActivityLog Destroy (1.7ms)[0m  [1m[31mDELETE FROM "activity_logs" WHERE "activity_logs"."id" = $1[0m  [["id", 35]]
  [1m[36mTRANSACTION (1.3ms)[0m  [1m[35mCOMMIT[0m
  [1m[36mTRANSACTION (0.1ms)[0m  [1m[35mBEGIN[0m
  [1m[36mActivityLog Destroy (1.5ms)[0m  [1m[31mDELETE FROM "activity_logs" WHERE "activity_logs"."id" = $1[0m  [["id", 36]]
  [1m[36mTRANSACTION (1.3ms)[0m  [1m[35mCOMMIT[0m
  [1m[36mTRANSACTION (0.2ms)[0m  [1m[35mBEGIN[0m
  [1m[36mActivityLog Destroy (1.8ms)[0m  [1m[31mDELETE FROM "activity_logs" WHERE "activity_logs"."id" = $1[0m  [["id", 37]]
  [1m[36mTRANSACTION (1.4ms)[0m  [1m[35mCOMMIT[0m
  [1m[36mTRANSACTION (0.2ms)[0m  [1m[35mBEGIN[0m
  [1m[36mActivityLog Destroy (2.0ms)[0m  [1m[31mDELETE FROM "activity_logs" WHERE "activity_logs"."id" = $1[0m  [["id", 38]]
  [1m[36mTRANSACTION (1.5ms)[0m  [1m[35mCOMMIT[0m
  [1m[36mTRANSACTION (0.2ms)[0m  [1m[35mBEGIN[0m
  [1m[36mActivityLog Destroy (1.6ms)[0m  [1m[31mDELETE FROM "activity_logs" WHERE "activity_logs"."id" = $1[0m  [["id", 39]]
  [1m[36mTRANSACTION (1.4ms)[0m  [1m[35mCOMMIT[0m
  [1m[36mTRANSACTION (0.2ms)[0m  [1m[35mBEGIN[0m
  [1m[36mActivityLog Destroy (1.6ms)[0m  [1m[31mDELETE FROM "activity_logs" WHERE "activity_logs"."id" = $1[0m  [["id", 40]]
  [1m[36mTRANSACTION (1.6ms)[0m  [1m[35mCOMMIT[0m
  [1m[36mTRANSACTION (0.2ms)[0m  [1m[35mBEGIN[0m
  [1m[36mActivityLog Destroy (1.8ms)[0m  [1m[31mDELETE FROM "activity_logs" WHERE "activity_logs"."id" = $1[0m  [["id", 41]]
  [1m[36mTRANSACTION (1.3ms)[0m  [1m[35mCOMMIT[0m
  [1m[36mTRANSACTION (0.2ms)[0m  [1m[35mBEGIN[0m
  [1m[36mActivityLog Destroy (1.7ms)[0m  [1m[31mDELETE FROM "activity_logs" WHERE "activity_logs"."id" = $1[0m  [["id", 42]]
  [1m[36mTRANSACTION (1.5ms)[0m  [1m[35mCOMMIT[0m
  [1m[36mTRANSACTION (0.2ms)[0m  [1m[35mBEGIN[0m
  [1m[36mActivityLog Destroy (1.6ms)[0m  [1m[31mDELETE FROM "activity_logs" WHERE "activity_logs"."id" = $1[0m  [["id", 43]]
  [1m[36mTRANSACTION (1.5ms)[0m  [1m[35mCOMMIT[0m
  [1m[36mTRANSACTION (0.2ms)[0m  [1m[35mBEGIN[0m
  [1m[36mActivityLog Destroy (1.8ms)[0m  [1m[31mDELETE FROM "activity_logs" WHERE "activity_logs"."id" = $1[0m  [["id", 44]]
  [1m[36mTRANSACTION (1.5ms)[0m  [1m[35mCOMMIT[0m
  [1m[36mTRANSACTION (0.2ms)[0m  [1m[35mBEGIN[0m
  [1m[36mActivityLog Destroy (1.6ms)[0m  [1m[31mDELETE FROM "activity_logs" WHERE "activity_logs"."id" = $1[0m  [["id", 45]]
  [1m[36mTRANSACTION (1.5ms)[0m  [1m[35mCOMMIT[0m
  [1m[36mTRANSACTION (0.2ms)[0m  [1m[35mBEGIN[0m
  [1m[36mActivityLog Destroy (1.6ms)[0m  [1m[31mDELETE FROM "activity_logs" WHERE "activity_logs"."id" = $1[0m  [["id", 46]]
  [1m[36mTRANSACTION (1.5ms)[0m  [1m[35mCOMMIT[0m
  [1m[36mTRANSACTION (0.2ms)[0m  [1m[35mBEGIN[0m
  [1m[36mActivityLog Destroy (1.9ms)[0m  [1m[31mDELETE FROM "activity_logs" WHERE "activity_logs"."id" = $1[0m  [["id", 47]]
  [1m[36mTRANSACTION (1.5ms)[0m  [1m[35mCOMMIT[0m
  [1m[36mTRANSACTION (0.2ms)[0m  [1m[35mBEGIN[0m
  [1m[36mActivityLog Destroy (1.9ms)[0m  [1m[31mDELETE FROM "activity_logs" WHERE "activity_logs"."id" = $1[0m  [["id", 48]]
  [1m[36mTRANSACTION (1.4ms)[0m  [1m[35mCOMMIT[0m
  [1m[36mTRANSACTION (0.2ms)[0m  [1m[35mBEGIN[0m
  [1m[36mActivityLog Destroy (2.0ms)[0m  [1m[31mDELETE FROM "activity_logs" WHERE "activity_logs"."id" = $1[0m  [["id", 49]]
  [1m[36mTRANSACTION (1.3ms)[0m  [1m[35mCOMMIT[0m
  [1m[36mTRANSACTION (0.3ms)[0m  [1m[35mBEGIN[0m
  [1m[36mActivityLog Destroy (1.9ms)[0m  [1m[31mDELETE FROM "activity_logs" WHERE "activity_logs"."id" = $1[0m  [["id", 50]]
  [1m[36mTRANSACTION (1.3ms)[0m  [1m[35mCOMMIT[0m
  [1m[36mTRANSACTION (0.2ms)[0m  [1m[35mBEGIN[0m
  [1m[36mActivityLog Destroy (1.6ms)[0m  [1m[31mDELETE FROM "activity_logs" WHERE "activity_logs"."id" = $1[0m  [["id", 51]]
  [1m[36mTRANSACTION (1.3ms)[0m  [1m[35mCOMMIT[0m
  [1m[36mTRANSACTION (0.1ms)[0m  [1m[35mBEGIN[0m
  [1m[36mActivityLog Destroy (2.5ms)[0m  [1m[31mDELETE FROM "activity_logs" WHERE "activity_logs"."id" = $1[0m  [["id", 52]]
  [1m[36mTRANSACTION (1.3ms)[0m  [1m[35mCOMMIT[0m
  [1m[36mTRANSACTION (0.2ms)[0m  [1m[35mBEGIN[0m
  [1m[36mActivityLog Destroy (2.1ms)[0m  [1m[31mDELETE FROM "activity_logs" WHERE "activity_logs"."id" = $1[0m  [["id", 53]]
  [1m[36mTRANSACTION (1.3ms)[0m  [1m[35mCOMMIT[0m
  [1m[36mTRANSACTION (0.2ms)[0m  [1m[35mBEGIN[0m
  [1m[36mActivityLog Destroy (1.9ms)[0m  [1m[31mDELETE FROM "activity_logs" WHERE "activity_logs"."id" = $1[0m  [["id", 54]]
  [1m[36mTRANSACTION (1.4ms)[0m  [1m[35mCOMMIT[0m
  [1m[36mTRANSACTION (0.2ms)[0m  [1m[35mBEGIN[0m
  [1m[36mActivityLog Destroy (1.8ms)[0m  [1m[31mDELETE FROM "activity_logs" WHERE "activity_logs"."id" = $1[0m  [["id", 55]]
  [1m[36mTRANSACTION (1.5ms)[0m  [1m[35mCOMMIT[0m
  [1m[36mTRANSACTION (0.3ms)[0m  [1m[35mBEGIN[0m
  [1m[36mActivityLog Destroy (1.9ms)[0m  [1m[31mDELETE FROM "activity_logs" WHERE "activity_logs"."id" = $1[0m  [["id", 56]]
  [1m[36mTRANSACTION (1.5ms)[0m  [1m[35mCOMMIT[0m
  [1m[36mTRANSACTION (0.1ms)[0m  [1m[35mBEGIN[0m
  [1m[36mActivityLog Destroy (1.6ms)[0m  [1m[31mDELETE FROM "activity_logs" WHERE "activity_logs"."id" = $1[0m  [["id", 57]]
  [1m[36mTRANSACTION (1.4ms)[0m  [1m[35mCOMMIT[0m
  [1m[36mTRANSACTION (0.2ms)[0m  [1m[35mBEGIN[0m
  [1m[36mActivityLog Destroy (1.7ms)[0m  [1m[31mDELETE FROM "activity_logs" WHERE "activity_logs"."id" = $1[0m  [["id", 58]]
  [1m[36mTRANSACTION (1.4ms)[0m  [1m[35mCOMMIT[0m
  [1m[36mNote Load (1.0ms)[0m  [1m[34mSELECT "notes".* FROM "notes"[0m
  [1m[36mTRANSACTION (0.3ms)[0m  [1m[35mBEGIN[0m
  [1m[36mNote Destroy (2.2ms)[0m  [1m[31mDELETE FROM "notes" WHERE "notes"."id" = $1[0m  [["id", 1]]
  [1m[36mTRANSACTION (1.5ms)[0m  [1m[35mCOMMIT[0m
  [1m[36mTRANSACTION (0.2ms)[0m  [1m[35mBEGIN[0m
  [1m[36mNote Destroy (2.2ms)[0m  [1m[31mDELETE FROM "notes" WHERE "notes"."id" = $1[0m  [["id", 2]]
  [1m[36mTRANSACTION (1.3ms)[0m  [1m[35mCOMMIT[0m
  [1m[36mTRANSACTION (0.2ms)[0m  [1m[35mBEGIN[0m
  [1m[36mNote Destroy (1.8ms)[0m  [1m[31mDELETE FROM "notes" WHERE "notes"."id" = $1[0m  [["id", 3]]
  [1m[36mTRANSACTION (1.4ms)[0m  [1m[35mCOMMIT[0m
  [1m[36mTRANSACTION (0.3ms)[0m  [1m[35mBEGIN[0m
  [1m[36mNote Destroy (2.4ms)[0m  [1m[31mDELETE FROM "notes" WHERE "notes"."id" = $1[0m  [["id", 4]]
  [1m[36mTRANSACTION (1.4ms)[0m  [1m[35mCOMMIT[0m
  [1m[36mTRANSACTION (0.2ms)[0m  [1m[35mBEGIN[0m
  [1m[36mNote Destroy (2.0ms)[0m  [1m[31mDELETE FROM "notes" WHERE "notes"."id" = $1[0m  [["id", 5]]
  [1m[36mTRANSACTION (1.4ms)[0m  [1m[35mCOMMIT[0m
  [1m[36mTRANSACTION (0.2ms)[0m  [1m[35mBEGIN[0m
  [1m[36mNote Destroy (1.9ms)[0m  [1m[31mDELETE FROM "notes" WHERE "notes"."id" = $1[0m  [["id", 6]]
  [1m[36mTRANSACTION (1.4ms)[0m  [1m[35mCOMMIT[0m
  [1m[36mTRANSACTION (0.2ms)[0m  [1m[35mBEGIN[0m
  [1m[36mNote Destroy (2.3ms)[0m  [1m[31mDELETE FROM "notes" WHERE "notes"."id" = $1[0m  [["id", 7]]
  [1m[36mTRANSACTION (1.4ms)[0m  [1m[35mCOMMIT[0m
  [1m[36mTRANSACTION (0.2ms)[0m  [1m[35mBEGIN[0m
  [1m[36mNote Destroy (1.9ms)[0m  [1m[31mDELETE FROM "notes" WHERE "notes"."id" = $1[0m  [["id", 8]]
  [1m[36mTRANSACTION (1.3ms)[0m  [1m[35mCOMMIT[0m
  [1m[36mTRANSACTION (0.2ms)[0m  [1m[35mBEGIN[0m
  [1m[36mNote Destroy (1.7ms)[0m  [1m[31mDELETE FROM "notes" WHERE "notes"."id" = $1[0m  [["id", 9]]
  [1m[36mTRANSACTION (1.2ms)[0m  [1m[35mCOMMIT[0m
  [1m[36mTRANSACTION (0.2ms)[0m  [1m[35mBEGIN[0m
  [1m[36mNote Destroy (1.9ms)[0m  [1m[31mDELETE FROM "notes" WHERE "notes"."id" = $1[0m  [["id", 10]]
  [1m[36mTRANSACTION (1.4ms)[0m  [1m[35mCOMMIT[0m
  [1m[36mTRANSACTION (0.2ms)[0m  [1m[35mBEGIN[0m
  [1m[36mNote Destroy (2.1ms)[0m  [1m[31mDELETE FROM "notes" WHERE "notes"."id" = $1[0m  [["id", 11]]
  [1m[36mTRANSACTION (1.4ms)[0m  [1m[35mCOMMIT[0m
  [1m[36mTRANSACTION (0.2ms)[0m  [1m[35mBEGIN[0m
  [1m[36mNote Destroy (1.9ms)[0m  [1m[31mDELETE FROM "notes" WHERE "notes"."id" = $1[0m  [["id", 12]]
  [1m[36mTRANSACTION (1.4ms)[0m  [1m[35mCOMMIT[0m
  [1m[36mTRANSACTION (0.2ms)[0m  [1m[35mBEGIN[0m
  [1m[36mNote Destroy (1.9ms)[0m  [1m[31mDELETE FROM "notes" WHERE "notes"."id" = $1[0m  [["id", 13]]
  [1m[36mTRANSACTION (1.4ms)[0m  [1m[35mCOMMIT[0m
  [1m[36mLead Load (1.3ms)[0m  [1m[34mSELECT "leads".* FROM "leads"[0m
  [1m[36mTRANSACTION (0.3ms)[0m  [1m[35mBEGIN[0m
  [1m[36mNote Load (0.5ms)[0m  [1m[34mSELECT "notes".* FROM "notes" WHERE "notes"."lead_id" = $1[0m  [["lead_id", 1]]
  [1m[36mActivityLog Load (0.5ms)[0m  [1m[34mSELECT "activity_logs".* FROM "activity_logs" WHERE "activity_logs"."lead_id" = $1[0m  [["lead_id", 1]]
  [1m[36mLead Destroy (1.8ms)[0m  [1m[31mDELETE FROM "leads" WHERE "leads"."id" = $1[0m  [["id", 1]]
  [1m[36mTRANSACTION (1.5ms)[0m  [1m[35mCOMMIT[0m
  [1m[36mTRANSACTION (0.1ms)[0m  [1m[35mBEGIN[0m
  [1m[36mNote Load (0.5ms)[0m  [1m[34mSELECT "notes".* FROM "notes" WHERE "notes"."lead_id" = $1[0m  [["lead_id", 2]]
  [1m[36mActivityLog Load (0.5ms)[0m  [1m[34mSELECT "activity_logs".* FROM "activity_logs" WHERE "activity_logs"."lead_id" = $1[0m  [["lead_id", 2]]
  [1m[36mLead Destroy (1.3ms)[0m  [1m[31mDELETE FROM "leads" WHERE "leads"."id" = $1[0m  [["id", 2]]
  [1m[36mTRANSACTION (1.6ms)[0m  [1m[35mCOMMIT[0m
  [1m[36mTRANSACTION (0.2ms)[0m  [1m[35mBEGIN[0m
  [1m[36mNote Load (0.7ms)[0m  [1m[34mSELECT "notes".* FROM "notes" WHERE "notes"."lead_id" = $1[0m  [["lead_id", 3]]
  [1m[36mActivityLog Load (0.6ms)[0m  [1m[34mSELECT "activity_logs".* FROM "activity_logs" WHERE "activity_logs"."lead_id" = $1[0m  [["lead_id", 3]]
  [1m[36mLead Destroy (1.3ms)[0m  [1m[31mDELETE FROM "leads" WHERE "leads"."id" = $1[0m  [["id", 3]]
  [1m[36mTRANSACTION (1.6ms)[0m  [1m[35mCOMMIT[0m
  [1m[36mTRANSACTION (0.2ms)[0m  [1m[35mBEGIN[0m
  [1m[36mNote Load (0.6ms)[0m  [1m[34mSELECT "notes".* FROM "notes" WHERE "notes"."lead_id" = $1[0m  [["lead_id", 4]]
  [1m[36mActivityLog Load (0.3ms)[0m  [1m[34mSELECT "activity_logs".* FROM "activity_logs" WHERE "activity_logs"."lead_id" = $1[0m  [["lead_id", 4]]
  [1m[36mLead Destroy (0.8ms)[0m  [1m[31mDELETE FROM "leads" WHERE "leads"."id" = $1[0m  [["id", 4]]
  [1m[36mTRANSACTION (1.7ms)[0m  [1m[35mCOMMIT[0m
  [1m[36mTRANSACTION (0.2ms)[0m  [1m[35mBEGIN[0m
  [1m[36mNote Load (0.3ms)[0m  [1m[34mSELECT "notes".* FROM "notes" WHERE "notes"."lead_id" = $1[0m  [["lead_id", 5]]
  [1m[36mActivityLog Load (0.5ms)[0m  [1m[34mSELECT "activity_logs".* FROM "activity_logs" WHERE "activity_logs"."lead_id" = $1[0m  [["lead_id", 5]]
  [1m[36mLead Destroy (1.1ms)[0m  [1m[31mDELETE FROM "leads" WHERE "leads"."id" = $1[0m  [["id", 5]]
  [1m[36mTRANSACTION (1.5ms)[0m  [1m[35mCOMMIT[0m
  [1m[36mTRANSACTION (0.2ms)[0m  [1m[35mBEGIN[0m
  [1m[36mNote Load (0.4ms)[0m  [1m[34mSELECT "notes".* FROM "notes" WHERE "notes"."lead_id" = $1[0m  [["lead_id", 6]]
  [1m[36mActivityLog Load (0.4ms)[0m  [1m[34mSELECT "activity_logs".* FROM "activity_logs" WHERE "activity_logs"."lead_id" = $1[0m  [["lead_id", 6]]
  [1m[36mLead Destroy (1.3ms)[0m  [1m[31mDELETE FROM "leads" WHERE "leads"."id" = $1[0m  [["id", 6]]
  [1m[36mTRANSACTION (1.5ms)[0m  [1m[35mCOMMIT[0m
  [1m[36mTRANSACTION (0.2ms)[0m  [1m[35mBEGIN[0m
  [1m[36mNote Load (0.3ms)[0m  [1m[34mSELECT "notes".* FROM "notes" WHERE "notes"."lead_id" = $1[0m  [["lead_id", 7]]
  [1m[36mActivityLog Load (0.2ms)[0m  [1m[34mSELECT "activity_logs".* FROM "activity_logs" WHERE "activity_logs"."lead_id" = $1[0m  [["lead_id", 7]]
  [1m[36mLead Destroy (0.8ms)[0m  [1m[31mDELETE FROM "leads" WHERE "leads"."id" = $1[0m  [["id", 7]]
  [1m[36mTRANSACTION (1.5ms)[0m  [1m[35mCOMMIT[0m
  [1m[36mTRANSACTION (0.2ms)[0m  [1m[35mBEGIN[0m
  [1m[36mNote Load (0.3ms)[0m  [1m[34mSELECT "notes".* FROM "notes" WHERE "notes"."lead_id" = $1[0m  [["lead_id", 8]]
  [1m[36mActivityLog Load (0.3ms)[0m  [1m[34mSELECT "activity_logs".* FROM "activity_logs" WHERE "activity_logs"."lead_id" = $1[0m  [["lead_id", 8]]
  [1m[36mLead Destroy (0.9ms)[0m  [1m[31mDELETE FROM "leads" WHERE "leads"."id" = $1[0m  [["id", 8]]
  [1m[36mTRANSACTION (1.8ms)[0m  [1m[35mCOMMIT[0m
  [1m[36mTRANSACTION (0.3ms)[0m  [1m[35mBEGIN[0m
  [1m[36mNote Load (0.4ms)[0m  [1m[34mSELECT "notes".* FROM "notes" WHERE "notes"."lead_id" = $1[0m  [["lead_id", 9]]
  [1m[36mActivityLog Load (0.3ms)[0m  [1m[34mSELECT "activity_logs".* FROM "activity_logs" WHERE "activity_logs"."lead_id" = $1[0m  [["lead_id", 9]]
  [1m[36mLead Destroy (0.9ms)[0m  [1m[31mDELETE FROM "leads" WHERE "leads"."id" = $1[0m  [["id", 9]]
  [1m[36mTRANSACTION (1.5ms)[0m  [1m[35mCOMMIT[0m
  [1m[36mTRANSACTION (0.2ms)[0m  [1m[35mBEGIN[0m
  [1m[36mNote Load (0.3ms)[0m  [1m[34mSELECT "notes".* FROM "notes" WHERE "notes"."lead_id" = $1[0m  [["lead_id", 10]]
  [1m[36mActivityLog Load (0.3ms)[0m  [1m[34mSELECT "activity_logs".* FROM "activity_logs" WHERE "activity_logs"."lead_id" = $1[0m  [["lead_id", 10]]
  [1m[36mLead Destroy (0.8ms)[0m  [1m[31mDELETE FROM "leads" WHERE "leads"."id" = $1[0m  [["id", 10]]
  [1m[36mTRANSACTION (1.4ms)[0m  [1m[35mCOMMIT[0m
  [1m[36mTRANSACTION (0.2ms)[0m  [1m[35mBEGIN[0m
  [1m[36mNote Load (0.3ms)[0m  [1m[34mSELECT "notes".* FROM "notes" WHERE "notes"."lead_id" = $1[0m  [["lead_id", 11]]
  [1m[36mActivityLog Load (0.2ms)[0m  [1m[34mSELECT "activity_logs".* FROM "activity_logs" WHERE "activity_logs"."lead_id" = $1[0m  [["lead_id", 11]]
  [1m[36mLead Destroy (0.8ms)[0m  [1m[31mDELETE FROM "leads" WHERE "leads"."id" = $1[0m  [["id", 11]]
  [1m[36mTRANSACTION (1.5ms)[0m  [1m[35mCOMMIT[0m
  [1m[36mTRANSACTION (0.3ms)[0m  [1m[35mBEGIN[0m
  [1m[36mNote Load (0.3ms)[0m  [1m[34mSELECT "notes".* FROM "notes" WHERE "notes"."lead_id" = $1[0m  [["lead_id", 12]]
  [1m[36mActivityLog Load (0.3ms)[0m  [1m[34mSELECT "activity_logs".* FROM "activity_logs" WHERE "activity_logs"."lead_id" = $1[0m  [["lead_id", 12]]
  [1m[36mLead Destroy (0.8ms)[0m  [1m[31mDELETE FROM "leads" WHERE "leads"."id" = $1[0m  [["id", 12]]
  [1m[36mTRANSACTION (1.5ms)[0m  [1m[35mCOMMIT[0m
  [1m[36mTRANSACTION (0.2ms)[0m  [1m[35mBEGIN[0m
  [1m[36mNote Load (0.2ms)[0m  [1m[34mSELECT "notes".* FROM "notes" WHERE "notes"."lead_id" = $1[0m  [["lead_id", 13]]
  [1m[36mActivityLog Load (0.2ms)[0m  [1m[34mSELECT "activity_logs".* FROM "activity_logs" WHERE "activity_logs"."lead_id" = $1[0m  [["lead_id", 13]]
  [1m[36mLead Destroy (0.8ms)[0m  [1m[31mDELETE FROM "leads" WHERE "leads"."id" = $1[0m  [["id", 13]]
  [1m[36mTRANSACTION (1.4ms)[0m  [1m[35mCOMMIT[0m
  [1m[36mTRANSACTION (0.2ms)[0m  [1m[35mBEGIN[0m
  [1m[36mNote Load (0.2ms)[0m  [1m[34mSELECT "notes".* FROM "notes" WHERE "notes"."lead_id" = $1[0m  [["lead_id", 14]]
  [1m[36mActivityLog Load (0.2ms)[0m  [1m[34mSELECT "activity_logs".* FROM "activity_logs" WHERE "activity_logs"."lead_id" = $1[0m  [["lead_id", 14]]
  [1m[36mLead Destroy (0.7ms)[0m  [1m[31mDELETE FROM "leads" WHERE "leads"."id" = $1[0m  [["id", 14]]
  [1m[36mTRANSACTION (1.6ms)[0m  [1m[35mCOMMIT[0m
  [1m[36mTRANSACTION (0.2ms)[0m  [1m[35mBEGIN[0m
  [1m[36mNote Load (0.3ms)[0m  [1m[34mSELECT "notes".* FROM "notes" WHERE "notes"."lead_id" = $1[0m  [["lead_id", 15]]
  [1m[36mActivityLog Load (0.3ms)[0m  [1m[34mSELECT "activity_logs".* FROM "activity_logs" WHERE "activity_logs"."lead_id" = $1[0m  [["lead_id", 15]]
  [1m[36mLead Destroy (0.7ms)[0m  [1m[31mDELETE FROM "leads" WHERE "leads"."id" = $1[0m  [["id", 15]]
  [1m[36mTRANSACTION (1.7ms)[0m  [1m[35mCOMMIT[0m
  [1m[36mTRANSACTION (0.3ms)[0m  [1m[35mBEGIN[0m
  [1m[36mNote Load (0.3ms)[0m  [1m[34mSELECT "notes".* FROM "notes" WHERE "notes"."lead_id" = $1[0m  [["lead_id", 16]]
  [1m[36mActivityLog Load (0.4ms)[0m  [1m[34mSELECT "activity_logs".* FROM "activity_logs" WHERE "activity_logs"."lead_id" = $1[0m  [["lead_id", 16]]
  [1m[36mLead Destroy (0.8ms)[0m  [1m[31mDELETE FROM "leads" WHERE "leads"."id" = $1[0m  [["id", 16]]
  [1m[36mTRANSACTION (1.9ms)[0m  [1m[35mCOMMIT[0m
  [1m[36mTRANSACTION (0.3ms)[0m  [1m[35mBEGIN[0m
  [1m[36mNote Load (0.4ms)[0m  [1m[34mSELECT "notes".* FROM "notes" WHERE "notes"."lead_id" = $1[0m  [["lead_id", 17]]
  [1m[36mActivityLog Load (0.3ms)[0m  [1m[34mSELECT "activity_logs".* FROM "activity_logs" WHERE "activity_logs"."lead_id" = $1[0m  [["lead_id", 17]]
  [1m[36mLead Destroy (0.8ms)[0m  [1m[31mDELETE FROM "leads" WHERE "leads"."id" = $1[0m  [["id", 17]]
  [1m[36mTRANSACTION (1.8ms)[0m  [1m[35mCOMMIT[0m
  [1m[36mTRANSACTION (0.3ms)[0m  [1m[35mBEGIN[0m
  [1m[36mNote Load (0.3ms)[0m  [1m[34mSELECT "notes".* FROM "notes" WHERE "notes"."lead_id" = $1[0m  [["lead_id", 18]]
  [1m[36mActivityLog Load (0.3ms)[0m  [1m[34mSELECT "activity_logs".* FROM "activity_logs" WHERE "activity_logs"."lead_id" = $1[0m  [["lead_id", 18]]
  [1m[36mLead Destroy (0.8ms)[0m  [1m[31mDELETE FROM "leads" WHERE "leads"."id" = $1[0m  [["id", 18]]
  [1m[36mTRANSACTION (1.6ms)[0m  [1m[35mCOMMIT[0m
  [1m[36mTRANSACTION (0.2ms)[0m  [1m[35mBEGIN[0m
  [1m[36mNote Load (0.3ms)[0m  [1m[34mSELECT "notes".* FROM "notes" WHERE "notes"."lead_id" = $1[0m  [["lead_id", 19]]
  [1m[36mActivityLog Load (0.3ms)[0m  [1m[34mSELECT "activity_logs".* FROM "activity_logs" WHERE "activity_logs"."lead_id" = $1[0m  [["lead_id", 19]]
  [1m[36mLead Destroy (0.7ms)[0m  [1m[31mDELETE FROM "leads" WHERE "leads"."id" = $1[0m  [["id", 19]]
  [1m[36mTRANSACTION (1.5ms)[0m  [1m[35mCOMMIT[0m
  [1m[36mTRANSACTION (0.2ms)[0m  [1m[35mBEGIN[0m
  [1m[36mNote Load (0.3ms)[0m  [1m[34mSELECT "notes".* FROM "notes" WHERE "notes"."lead_id" = $1[0m  [["lead_id", 20]]
  [1m[36mActivityLog Load (0.3ms)[0m  [1m[34mSELECT "activity_logs".* FROM "activity_logs" WHERE "activity_logs"."lead_id" = $1[0m  [["lead_id", 20]]
  [1m[36mLead Destroy (0.7ms)[0m  [1m[31mDELETE FROM "leads" WHERE "leads"."id" = $1[0m  [["id", 20]]
  [1m[36mTRANSACTION (1.4ms)[0m  [1m[35mCOMMIT[0m
  [1m[36mTRANSACTION (0.2ms)[0m  [1m[35mBEGIN[0m
  [1m[36mNote Load (0.3ms)[0m  [1m[34mSELECT "notes".* FROM "notes" WHERE "notes"."lead_id" = $1[0m  [["lead_id", 21]]
  [1m[36mActivityLog Load (0.3ms)[0m  [1m[34mSELECT "activity_logs".* FROM "activity_logs" WHERE "activity_logs"."lead_id" = $1[0m  [["lead_id", 21]]
  [1m[36mLead Destroy (0.7ms)[0m  [1m[31mDELETE FROM "leads" WHERE "leads"."id" = $1[0m  [["id", 21]]
  [1m[36mTRANSACTION (1.5ms)[0m  [1m[35mCOMMIT[0m
  [1m[36mTRANSACTION (0.2ms)[0m  [1m[35mBEGIN[0m
  [1m[36mNote Load (0.3ms)[0m  [1m[34mSELECT "notes".* FROM "notes" WHERE "notes"."lead_id" = $1[0m  [["lead_id", 22]]
  [1m[36mActivityLog Load (0.2ms)[0m  [1m[34mSELECT "activity_logs".* FROM "activity_logs" WHERE "activity_logs"."lead_id" = $1[0m  [["lead_id", 22]]
  [1m[36mLead Destroy (0.8ms)[0m  [1m[31mDELETE FROM "leads" WHERE "leads"."id" = $1[0m  [["id", 22]]
  [1m[36mTRANSACTION (1.5ms)[0m  [1m[35mCOMMIT[0m
  [1m[36mTRANSACTION (0.2ms)[0m  [1m[35mBEGIN[0m
  [1m[36mNote Load (0.3ms)[0m  [1m[34mSELECT "notes".* FROM "notes" WHERE "notes"."lead_id" = $1[0m  [["lead_id", 23]]
  [1m[36mActivityLog Load (0.3ms)[0m  [1m[34mSELECT "activity_logs".* FROM "activity_logs" WHERE "activity_logs"."lead_id" = $1[0m  [["lead_id", 23]]
  [1m[36mLead Destroy (0.7ms)[0m  [1m[31mDELETE FROM "leads" WHERE "leads"."id" = $1[0m  [["id", 23]]
  [1m[36mTRANSACTION (1.5ms)[0m  [1m[35mCOMMIT[0m
  [1m[36mTRANSACTION (0.2ms)[0m  [1m[35mBEGIN[0m
  [1m[36mNote Load (0.3ms)[0m  [1m[34mSELECT "notes".* FROM "notes" WHERE "notes"."lead_id" = $1[0m  [["lead_id", 24]]
  [1m[36mActivityLog Load (0.3ms)[0m  [1m[34mSELECT "activity_logs".* FROM "activity_logs" WHERE "activity_logs"."lead_id" = $1[0m  [["lead_id", 24]]
  [1m[36mLead Destroy (0.7ms)[0m  [1m[31mDELETE FROM "leads" WHERE "leads"."id" = $1[0m  [["id", 24]]
  [1m[36mTRANSACTION (1.5ms)[0m  [1m[35mCOMMIT[0m
  [1m[36mTRANSACTION (0.2ms)[0m  [1m[35mBEGIN[0m
  [1m[36mNote Load (0.3ms)[0m  [1m[34mSELECT "notes".* FROM "notes" WHERE "notes"."lead_id" = $1[0m  [["lead_id", 25]]
  [1m[36mActivityLog Load (0.3ms)[0m  [1m[34mSELECT "activity_logs".* FROM "activity_logs" WHERE "activity_logs"."lead_id" = $1[0m  [["lead_id", 25]]
  [1m[36mLead Destroy (0.8ms)[0m  [1m[31mDELETE FROM "leads" WHERE "leads"."id" = $1[0m  [["id", 25]]
  [1m[36mTRANSACTION (1.5ms)[0m  [1m[35mCOMMIT[0m
  [1m[36mUser Load (0.9ms)[0m  [1m[34mSELECT "users".* FROM "users"[0m
  [1m[36mTRANSACTION (0.2ms)[0m  [1m[35mBEGIN[0m
  [1m[36mLead Update All (2.6ms)[0m  [1m[33mUPDATE "leads" SET "assigned_to_id" = $1 WHERE "leads"."assigned_to_id" = $2[0m  [["assigned_to_id", nil], ["assigned_to_id", 1]]
  [1m[36mNote Load (0.4ms)[0m  [1m[34mSELECT "notes".* FROM "notes" WHERE "notes"."user_id" = $1[0m  [["user_id", 1]]
  [1m[36mActivityLog Load (0.4ms)[0m  [1m[34mSELECT "activity_logs".* FROM "activity_logs" WHERE "activity_logs"."user_id" = $1[0m  [["user_id", 1]]
  [1m[36mUser Destroy (2.0ms)[0m  [1m[31mDELETE FROM "users" WHERE "users"."id" = $1[0m  [["id", 1]]
  [1m[36mTRANSACTION (2.3ms)[0m  [1m[35mCOMMIT[0m
  [1m[36mTRANSACTION (0.3ms)[0m  [1m[35mBEGIN[0m
  [1m[36mLead Update All (2.6ms)[0m  [1m[33mUPDATE "leads" SET "assigned_to_id" = $1 WHERE "leads"."assigned_to_id" = $2[0m  [["assigned_to_id", nil], ["assigned_to_id", 2]]
  [1m[36mNote Load (0.5ms)[0m  [1m[34mSELECT "notes".* FROM "notes" WHERE "notes"."user_id" = $1[0m  [["user_id", 2]]
  [1m[36mActivityLog Load (0.6ms)[0m  [1m[34mSELECT "activity_logs".* FROM "activity_logs" WHERE "activity_logs"."user_id" = $1[0m  [["user_id", 2]]
  [1m[36mUser Destroy (1.5ms)[0m  [1m[31mDELETE FROM "users" WHERE "users"."id" = $1[0m  [["id", 2]]
  [1m[36mTRANSACTION (1.7ms)[0m  [1m[35mCOMMIT[0m
  [1m[36mTRANSACTION (0.3ms)[0m  [1m[35mBEGIN[0m
  [1m[36mLead Update All (2.5ms)[0m  [1m[33mUPDATE "leads" SET "assigned_to_id" = $1 WHERE "leads"."assigned_to_id" = $2[0m  [["assigned_to_id", nil], ["assigned_to_id", 3]]
  [1m[36mNote Load (0.6ms)[0m  [1m[34mSELECT "notes".* FROM "notes" WHERE "notes"."user_id" = $1[0m  [["user_id", 3]]
  [1m[36mActivityLog Load (1.2ms)[0m  [1m[34mSELECT "activity_logs".* FROM "activity_logs" WHERE "activity_logs"."user_id" = $1[0m  [["user_id", 3]]
  [1m[36mUser Destroy (1.4ms)[0m  [1m[31mDELETE FROM "users" WHERE "users"."id" = $1[0m  [["id", 3]]
  [1m[36mTRANSACTION (1.7ms)[0m  [1m[35mCOMMIT[0m
  [1m[36mWorkspace Load (0.9ms)[0m  [1m[34mSELECT "workspaces".* FROM "workspaces"[0m
  [1m[36mTRANSACTION (0.3ms)[0m  [1m[35mBEGIN[0m
  [1m[36mUser Load (0.5ms)[0m  [1m[34mSELECT "users".* FROM "users" WHERE "users"."workspace_id" = $1[0m  [["workspace_id", 1]]
  [1m[36mLead Load (0.5ms)[0m  [1m[34mSELECT "leads".* FROM "leads" WHERE "leads"."workspace_id" = $1[0m  [["workspace_id", 1]]
  [1m[36mActivityLog Load (0.5ms)[0m  [1m[34mSELECT "activity_logs".* FROM "activity_logs" WHERE "activity_logs"."workspace_id" = $1[0m  [["workspace_id", 1]]
  [1m[36mWorkspace Destroy (2.0ms)[0m  [1m[31mDELETE FROM "workspaces" WHERE "workspaces"."id" = $1[0m  [["id", 1]]
  [1m[36mTRANSACTION (2.1ms)[0m  [1m[35mCOMMIT[0m
  [1m[36mTRANSACTION (0.3ms)[0m  [1m[35mBEGIN[0m
  [1m[36mWorkspace Create (4.0ms)[0m  [1m[32mINSERT INTO "workspaces" ("name", "business_type", "plan", "created_at", "updated_at") VALUES ($1, $2, $3, $4, $5) RETURNING "id"[0m  [["name", "BluePeak Home Services"], ["business_type", "Home Services"], ["plan", "Growth"], ["created_at", "2026-05-02 12:55:31.376855"], ["updated_at", "2026-05-02 12:55:31.376855"]]
  [1m[36mTRANSACTION (1.6ms)[0m  [1m[35mCOMMIT[0m
  [1m[36mTRANSACTION (0.3ms)[0m  [1m[35mBEGIN[0m
  [1m[36mUser Exists? (1.0ms)[0m  [1m[34mSELECT 1 AS one FROM "users" WHERE LOWER("users"."email") = LOWER($1) LIMIT $2[0m  [["email", "admin@leadflowcrm.com"], ["LIMIT", 1]]
  [1m[36mUser Create (1.2ms)[0m  [1m[32mINSERT INTO "users" ("workspace_id", "name", "email", "password_digest", "role", "created_at", "updated_at") VALUES ($1, $2, $3, $4, $5, $6, $7) RETURNING "id"[0m  [["workspace_id", 2], ["name", "Ava Morgan"], ["email", "admin@leadflowcrm.com"], ["password_digest", "[FILTERED]"], ["role", "owner"], ["created_at", "2026-05-02 12:55:31.677502"], ["updated_at", "2026-05-02 12:55:31.677502"]]
  [1m[36mTRANSACTION (2.5ms)[0m  [1m[35mCOMMIT[0m
  [1m[36mTRANSACTION (0.3ms)[0m  [1m[35mBEGIN[0m
  [1m[36mUser Exists? (2.5ms)[0m  [1m[34mSELECT 1 AS one FROM "users" WHERE LOWER("users"."email") = LOWER($1) LIMIT $2[0m  [["email", "manager@leadflowcrm.com"], ["LIMIT", 1]]
  [1m[36mUser Create (0.9ms)[0m  [1m[32mINSERT INTO "users" ("workspace_id", "name", "email", "password_digest", "role", "created_at", "updated_at") VALUES ($1, $2, $3, $4, $5, $6, $7) RETURNING "id"[0m  [["workspace_id", 2], ["name", "Marcus Reed"], ["email", "manager@leadflowcrm.com"], ["password_digest", "[FILTERED]"], ["role", "manager"], ["created_at", "2026-05-02 12:55:31.953384"], ["updated_at", "2026-05-02 12:55:31.953384"]]
  [1m[36mTRANSACTION (2.1ms)[0m  [1m[35mCOMMIT[0m
  [1m[36mTRANSACTION (0.3ms)[0m  [1m[35mBEGIN[0m
  [1m[36mUser Exists? (2.3ms)[0m  [1m[34mSELECT 1 AS one FROM "users" WHERE LOWER("users"."email") = LOWER($1) LIMIT $2[0m  [["email", "staff@leadflowcrm.com"], ["LIMIT", 1]]
  [1m[36mUser Create (0.7ms)[0m  [1m[32mINSERT INTO "users" ("workspace_id", "name", "email", "password_digest", "role", "created_at", "updated_at") VALUES ($1, $2, $3, $4, $5, $6, $7) RETURNING "id"[0m  [["workspace_id", 2], ["name", "Nina Patel"], ["email", "staff@leadflowcrm.com"], ["password_digest", "[FILTERED]"], ["role", "staff"], ["created_at", "2026-05-02 12:55:32.226465"], ["updated_at", "2026-05-02 12:55:32.226465"]]
  [1m[36mTRANSACTION (2.5ms)[0m  [1m[35mCOMMIT[0m
  [1m[36mTRANSACTION (0.3ms)[0m  [1m[35mBEGIN[0m
  [1m[36mLead Create (2.9ms)[0m  [1m[32mINSERT INTO "leads" ("workspace_id", "assigned_to_id", "name", "email", "phone", "company_name", "source", "status", "estimated_value", "priority", "next_follow_up_at", "notes_summary", "created_at", "updated_at") VALUES ($1, $2, $3, $4, $5, $6, $7, $8, $9, $10, $11, $12, $13, $14) RETURNING "id"[0m  [["workspace_id", 2], ["assigned_to_id", 4], ["name", "Monica Lee"], ["email", "lead1@example.com"], ["phone", "555-0100"], ["company_name", "Harbor Point Apartments"], ["source", "Google Ads"], ["status", "New"], ["estimated_value", "5200.0"], ["priority", "Low"], ["next_follow_up_at", "2026-04-27 14:00:00"], ["notes_summary", "Needs a clear estimate, fast follow-up, and timeline confirmation."], ["created_at", "2026-05-02 12:55:32.234767"], ["updated_at", "2026-05-02 12:55:32.234767"]]
  [1m[36mTRANSACTION (1.7ms)[0m  [1m[35mCOMMIT[0m
  [1m[36mTRANSACTION (0.3ms)[0m  [1m[35mBEGIN[0m
  [1m[36mActivityLog Create (4.0ms)[0m  [1m[32mINSERT INTO "activity_logs" ("workspace_id", "lead_id", "user_id", "action", "metadata", "created_at", "updated_at") VALUES ($1, $2, $3, $4, $5, $6, $7) RETURNING "id"[0m  [["workspace_id", 2], ["lead_id", 26], ["user_id", 4], ["action", "lead_created"], ["metadata", "{\"source\":\"Google Ads\"}"], ["created_at", "2026-05-02 12:55:32.244643"], ["updated_at", "2026-05-02 12:55:32.244643"]]
  [1m[36mTRANSACTION (1.9ms)[0m  [1m[35mCOMMIT[0m
  [1m[36mTRANSACTION (0.3ms)[0m  [1m[35mBEGIN[0m
  [1m[36mNote Create (3.0ms)[0m  [1m[32mINSERT INTO "notes" ("lead_id", "user_id", "body", "created_at", "updated_at") VALUES ($1, $2, $3, $4, $5) RETURNING "id"[0m  [["lead_id", 26], ["user_id", 5], ["body", "Discovery call completed. Client asked for pricing, availability, and insurance details."], ["created_at", "2026-05-02 12:55:32.255263"], ["updated_at", "2026-05-02 12:55:32.255263"]]
  [1m[36mTRANSACTION (1.5ms)[0m  [1m[35mCOMMIT[0m
  [1m[36mTRANSACTION (0.3ms)[0m  [1m[35mBEGIN[0m
  [1m[36mActivityLog Create (2.8ms)[0m  [1m[32mINSERT INTO "activity_logs" ("workspace_id", "lead_id", "user_id", "action", "metadata", "created_at", "updated_at") VALUES ($1, $2, $3, $4, $5, $6, $7) RETURNING "id"[0m  [["workspace_id", 2], ["lead_id", 26], ["user_id", 5], ["action", "note_added"], ["metadata", "{\"note_id\":14}"], ["created_at", "2026-05-02 12:55:32.264048"], ["updated_at", "2026-05-02 12:55:32.264048"]]
  [1m[36mTRANSACTION (1.5ms)[0m  [1m[35mCOMMIT[0m
  [1m[36mTRANSACTION (0.2ms)[0m  [1m[35mBEGIN[0m
  [1m[36mLead Create (2.5ms)[0m  [1m[32mINSERT INTO "leads" ("workspace_id", "assigned_to_id", "name", "email", "phone", "company_name", "source", "status", "estimated_value", "priority", "next_follow_up_at", "notes_summary", "created_at", "updated_at") VALUES ($1, $2, $3, $4, $5, $6, $7, $8, $9, $10, $11, $12, $13, $14) RETURNING "id"[0m  [["workspace_id", 2], ["assigned_to_id", 5], ["name", "Priya Shah"], ["email", "lead2@example.com"], ["phone", "555-0101"], ["company_name", "Oakline Dental"], ["source", "Website"], ["status", "Contacted"], ["estimated_value", "3900.0"], ["priority", "Medium"], ["next_follow_up_at", "2026-04-28 09:00:00"], ["notes_summary", "Needs a clear estimate, fast follow-up, and timeline confirmation."], ["created_at", "2026-05-02 12:55:32.272787"], ["updated_at", "2026-05-02 12:55:32.272787"]]
  [1m[36mTRANSACTION (1.7ms)[0m  [1m[35mCOMMIT[0m
  [1m[36mTRANSACTION (0.2ms)[0m  [1m[35mBEGIN[0m
  [1m[36mActivityLog Create (2.9ms)[0m  [1m[32mINSERT INTO "activity_logs" ("workspace_id", "lead_id", "user_id", "action", "metadata", "created_at", "updated_at") VALUES ($1, $2, $3, $4, $5, $6, $7) RETURNING "id"[0m  [["workspace_id", 2], ["lead_id", 27], ["user_id", 5], ["action", "lead_created"], ["metadata", "{\"source\":\"Website\"}"], ["created_at", "2026-05-02 12:55:32.281614"], ["updated_at", "2026-05-02 12:55:32.281614"]]
  [1m[36mTRANSACTION (1.6ms)[0m  [1m[35mCOMMIT[0m
  [1m[36mTRANSACTION (0.1ms)[0m  [1m[35mBEGIN[0m
  [1m[36mActivityLog Create (2.5ms)[0m  [1m[32mINSERT INTO "activity_logs" ("workspace_id", "lead_id", "user_id", "action", "metadata", "created_at", "updated_at") VALUES ($1, $2, $3, $4, $5, $6, $7) RETURNING "id"[0m  [["workspace_id", 2], ["lead_id", 27], ["user_id", 5], ["action", "status_changed"], ["metadata", "{\"from\":\"New\",\"to\":\"Contacted\"}"], ["created_at", "2026-05-02 12:55:32.290493"], ["updated_at", "2026-05-02 12:55:32.290493"]]
  [1m[36mTRANSACTION (1.4ms)[0m  [1m[35mCOMMIT[0m
  [1m[36mTRANSACTION (0.2ms)[0m  [1m[35mBEGIN[0m
  [1m[36mLead Create (2.5ms)[0m  [1m[32mINSERT INTO "leads" ("workspace_id", "assigned_to_id", "name", "email", "phone", "company_name", "source", "status", "estimated_value", "priority", "next_follow_up_at", "notes_summary", "created_at", "updated_at") VALUES ($1, $2, $3, $4, $5, $6, $7, $8, $9, $10, $11, $12, $13, $14) RETURNING "id"[0m  [["workspace_id", 2], ["assigned_to_id", 6], ["name", "Leo Brooks"], ["email", "lead3@example.com"], ["phone", "555-0102"], ["company_name", "Riverbend Realty"], ["source", "Referral"], ["status", "Qualified"], ["estimated_value", "3900.0"], ["priority", "High"], ["next_follow_up_at", "2026-04-29 16:00:00"], ["notes_summary", "Needs a clear estimate, fast follow-up, and timeline confirmation."], ["created_at", "2026-05-02 12:55:32.299302"], ["updated_at", "2026-05-02 12:55:32.299302"]]
  [1m[36mTRANSACTION (1.6ms)[0m  [1m[35mCOMMIT[0m
  [1m[36mTRANSACTION (0.2ms)[0m  [1m[35mBEGIN[0m
  [1m[36mActivityLog Create (2.6ms)[0m  [1m[32mINSERT INTO "activity_logs" ("workspace_id", "lead_id", "user_id", "action", "metadata", "created_at", "updated_at") VALUES ($1, $2, $3, $4, $5, $6, $7) RETURNING "id"[0m  [["workspace_id", 2], ["lead_id", 28], ["user_id", 6], ["action", "lead_created"], ["metadata", "{\"source\":\"Referral\"}"], ["created_at", "2026-05-02 12:55:32.308049"], ["updated_at", "2026-05-02 12:55:32.308049"]]
  [1m[36mTRANSACTION (1.6ms)[0m  [1m[35mCOMMIT[0m
  [1m[36mTRANSACTION (0.2ms)[0m  [1m[35mBEGIN[0m
  [1m[36mNote Create (2.6ms)[0m  [1m[32mINSERT INTO "notes" ("lead_id", "user_id", "body", "created_at", "updated_at") VALUES ($1, $2, $3, $4, $5) RETURNING "id"[0m  [["lead_id", 28], ["user_id", 5], ["body", "Discovery call completed. Client asked for pricing, availability, and insurance details."], ["created_at", "2026-05-02 12:55:32.316797"], ["updated_at", "2026-05-02 12:55:32.316797"]]
  [1m[36mTRANSACTION (1.5ms)[0m  [1m[35mCOMMIT[0m
  [1m[36mTRANSACTION (0.2ms)[0m  [1m[35mBEGIN[0m
  [1m[36mActivityLog Create (2.5ms)[0m  [1m[32mINSERT INTO "activity_logs" ("workspace_id", "lead_id", "user_id", "action", "metadata", "created_at", "updated_at") VALUES ($1, $2, $3, $4, $5, $6, $7) RETURNING "id"[0m  [["workspace_id", 2], ["lead_id", 28], ["user_id", 5], ["action", "note_added"], ["metadata", "{\"note_id\":15}"], ["created_at", "2026-05-02 12:55:32.324661"], ["updated_at", "2026-05-02 12:55:32.324661"]]
  [1m[36mTRANSACTION (1.3ms)[0m  [1m[35mCOMMIT[0m
  [1m[36mTRANSACTION (0.3ms)[0m  [1m[35mBEGIN[0m
  [1m[36mActivityLog Create (2.2ms)[0m  [1m[32mINSERT INTO "activity_logs" ("workspace_id", "lead_id", "user_id", "action", "metadata", "created_at", "updated_at") VALUES ($1, $2, $3, $4, $5, $6, $7) RETURNING "id"[0m  [["workspace_id", 2], ["lead_id", 28], ["user_id", 6], ["action", "status_changed"], ["metadata", "{\"from\":\"New\",\"to\":\"Qualified\"}"], ["created_at", "2026-05-02 12:55:32.332802"], ["updated_at", "2026-05-02 12:55:32.332802"]]
  [1m[36mTRANSACTION (1.4ms)[0m  [1m[35mCOMMIT[0m
  [1m[36mTRANSACTION (0.3ms)[0m  [1m[35mBEGIN[0m
  [1m[36mLead Create (2.6ms)[0m  [1m[32mINSERT INTO "leads" ("workspace_id", "assigned_to_id", "name", "email", "phone", "company_name", "source", "status", "estimated_value", "priority", "next_follow_up_at", "notes_summary", "created_at", "updated_at") VALUES ($1, $2, $3, $4, $5, $6, $7, $8, $9, $10, $11, $12, $13, $14) RETURNING "id"[0m  [["workspace_id", 2], ["assigned_to_id", 4], ["name", "Leo Brooks"], ["email", "lead4@example.com"], ["phone", "555-0103"], ["company_name", "Summit Storage"], ["source", "Facebook"], ["status", "Proposal Sent"], ["estimated_value", "3900.0"], ["priority", "Low"], ["next_follow_up_at", "2026-04-30 09:00:00"], ["notes_summary", "Needs a clear estimate, fast follow-up, and timeline confirmation."], ["created_at", "2026-05-02 12:55:32.340578"], ["updated_at", "2026-05-02 12:55:32.340578"]]
  [1m[36mTRANSACTION (1.5ms)[0m  [1m[35mCOMMIT[0m
  [1m[36mTRANSACTION (0.2ms)[0m  [1m[35mBEGIN[0m
  [1m[36mActivityLog Create (2.2ms)[0m  [1m[32mINSERT INTO "activity_logs" ("workspace_id", "lead_id", "user_id", "action", "metadata", "created_at", "updated_at") VALUES ($1, $2, $3, $4, $5, $6, $7) RETURNING "id"[0m  [["workspace_id", 2], ["lead_id", 29], ["user_id", 4], ["action", "lead_created"], ["metadata", "{\"source\":\"Facebook\"}"], ["created_at", "2026-05-02 12:55:32.348994"], ["updated_at", "2026-05-02 12:55:32.348994"]]
  [1m[36mTRANSACTION (1.4ms)[0m  [1m[35mCOMMIT[0m
  [1m[36mTRANSACTION (0.3ms)[0m  [1m[35mBEGIN[0m
  [1m[36mActivityLog Create (3.3ms)[0m  [1m[32mINSERT INTO "activity_logs" ("workspace_id", "lead_id", "user_id", "action", "metadata", "created_at", "updated_at") VALUES ($1, $2, $3, $4, $5, $6, $7) RETURNING "id"[0m  [["workspace_id", 2], ["lead_id", 29], ["user_id", 4], ["action", "status_changed"], ["metadata", "{\"from\":\"New\",\"to\":\"Proposal Sent\"}"], ["created_at", "2026-05-02 12:55:32.356364"], ["updated_at", "2026-05-02 12:55:32.356364"]]
  [1m[36mTRANSACTION (1.6ms)[0m  [1m[35mCOMMIT[0m
  [1m[36mTRANSACTION (0.3ms)[0m  [1m[35mBEGIN[0m
  [1m[36mLead Create (5.8ms)[0m  [1m[32mINSERT INTO "leads" ("workspace_id", "assigned_to_id", "name", "email", "phone", "company_name", "source", "status", "estimated_value", "priority", "next_follow_up_at", "notes_summary", "created_at", "updated_at") VALUES ($1, $2, $3, $4, $5, $6, $7, $8, $9, $10, $11, $12, $13, $14) RETURNING "id"[0m  [["workspace_id", 2], ["assigned_to_id", 5], ["name", "Priya Shah"], ["email", "lead5@example.com"], ["phone", "555-0104"], ["company_name", "Evergreen HOA"], ["source", "Thumbtack"], ["status", "Won"], ["estimated_value", "5200.0"], ["priority", "Medium"], ["next_follow_up_at", "2026-05-01 09:00:00"], ["notes_summary", "Needs a clear estimate, fast follow-up, and timeline confirmation."], ["created_at", "2026-05-02 12:55:32.376340"], ["updated_at", "2026-05-02 12:55:32.376340"]]
  [1m[36mTRANSACTION (1.6ms)[0m  [1m[35mCOMMIT[0m
  [1m[36mTRANSACTION (0.3ms)[0m  [1m[35mBEGIN[0m
  [1m[36mActivityLog Create (6.9ms)[0m  [1m[32mINSERT INTO "activity_logs" ("workspace_id", "lead_id", "user_id", "action", "metadata", "created_at", "updated_at") VALUES ($1, $2, $3, $4, $5, $6, $7) RETURNING "id"[0m  [["workspace_id", 2], ["lead_id", 30], ["user_id", 5], ["action", "lead_created"], ["metadata", "{\"source\":\"Thumbtack\"}"], ["created_at", "2026-05-02 12:55:32.391433"], ["updated_at", "2026-05-02 12:55:32.391433"]]
  [1m[36mTRANSACTION (1.7ms)[0m  [1m[35mCOMMIT[0m
  [1m[36mTRANSACTION (0.3ms)[0m  [1m[35mBEGIN[0m
  [1m[36mNote Create (6.1ms)[0m  [1m[32mINSERT INTO "notes" ("lead_id", "user_id", "body", "created_at", "updated_at") VALUES ($1, $2, $3, $4, $5) RETURNING "id"[0m  [["lead_id", 30], ["user_id", 5], ["body", "Discovery call completed. Client asked for pricing, availability, and insurance details."], ["created_at", "2026-05-02 12:55:32.412074"], ["updated_at", "2026-05-02 12:55:32.412074"]]
  [1m[36mTRANSACTION (1.7ms)[0m  [1m[35mCOMMIT[0m
  [1m[36mTRANSACTION (0.3ms)[0m  [1m[35mBEGIN[0m
  [1m[36mActivityLog Create (8.6ms)[0m  [1m[32mINSERT INTO "activity_logs" ("workspace_id", "lead_id", "user_id", "action", "metadata", "created_at", "updated_at") VALUES ($1, $2, $3, $4, $5, $6, $7) RETURNING "id"[0m  [["workspace_id", 2], ["lead_id", 30], ["user_id", 5], ["action", "note_added"], ["metadata", "{\"note_id\":16}"], ["created_at", "2026-05-02 12:55:32.434219"], ["updated_at", "2026-05-02 12:55:32.434219"]]
  [1m[36mTRANSACTION (1.8ms)[0m  [1m[35mCOMMIT[0m
  [1m[36mTRANSACTION (0.3ms)[0m  [1m[35mBEGIN[0m
  [1m[36mActivityLog Create (2.8ms)[0m  [1m[32mINSERT INTO "activity_logs" ("workspace_id", "lead_id", "user_id", "action", "metadata", "created_at", "updated_at") VALUES ($1, $2, $3, $4, $5, $6, $7) RETURNING "id"[0m  [["workspace_id", 2], ["lead_id", 30], ["user_id", 5], ["action", "status_changed"], ["metadata", "{\"from\":\"New\",\"to\":\"Won\"}"], ["created_at", "2026-05-02 12:55:32.479477"], ["updated_at", "2026-05-02 12:55:32.479477"]]
  [1m[36mTRANSACTION (1.4ms)[0m  [1m[35mCOMMIT[0m
  [1m[36mTRANSACTION (0.3ms)[0m  [1m[35mBEGIN[0m
  [1m[36mLead Create (2.8ms)[0m  [1m[32mINSERT INTO "leads" ("workspace_id", "assigned_to_id", "name", "email", "phone", "company_name", "source", "status", "estimated_value", "priority", "next_follow_up_at", "notes_summary", "created_at", "updated_at") VALUES ($1, $2, $3, $4, $5, $6, $7, $8, $9, $10, $11, $12, $13, $14) RETURNING "id"[0m  [["workspace_id", 2], ["assigned_to_id", 6], ["name", "James Walker"], ["email", "lead6@example.com"], ["phone", "555-0105"], ["company_name", "Northstar Fitness"], ["source", "Yelp"], ["status", "Lost"], ["estimated_value", "950.0"], ["priority", "High"], ["next_follow_up_at", "2026-05-02 11:00:00"], ["notes_summary", "Needs a clear estimate, fast follow-up, and timeline confirmation."], ["created_at", "2026-05-02 12:55:32.490027"], ["updated_at", "2026-05-02 12:55:32.490027"]]
  [1m[36mTRANSACTION (1.7ms)[0m  [1m[35mCOMMIT[0m
  [1m[36mTRANSACTION (0.3ms)[0m  [1m[35mBEGIN[0m
  [1m[36mActivityLog Create (2.4ms)[0m  [1m[32mINSERT INTO "activity_logs" ("workspace_id", "lead_id", "user_id", "action", "metadata", "created_at", "updated_at") VALUES ($1, $2, $3, $4, $5, $6, $7) RETURNING "id"[0m  [["workspace_id", 2], ["lead_id", 31], ["user_id", 6], ["action", "lead_created"], ["metadata", "{\"source\":\"Yelp\"}"], ["created_at", "2026-05-02 12:55:32.500202"], ["updated_at", "2026-05-02 12:55:32.500202"]]
  [1m[36mTRANSACTION (1.5ms)[0m  [1m[35mCOMMIT[0m
  [1m[36mTRANSACTION (0.2ms)[0m  [1m[35mBEGIN[0m
  [1m[36mActivityLog Create (2.3ms)[0m  [1m[32mINSERT INTO "activity_logs" ("workspace_id", "lead_id", "user_id", "action", "metadata", "created_at", "updated_at") VALUES ($1, $2, $3, $4, $5, $6, $7) RETURNING "id"[0m  [["workspace_id", 2], ["lead_id", 31], ["user_id", 6], ["action", "status_changed"], ["metadata", "{\"from\":\"New\",\"to\":\"Lost\"}"], ["created_at", "2026-05-02 12:55:32.508080"], ["updated_at", "2026-05-02 12:55:32.508080"]]
  [1m[36mTRANSACTION (1.6ms)[0m  [1m[35mCOMMIT[0m
  [1m[36mTRANSACTION (0.3ms)[0m  [1m[35mBEGIN[0m
  [1m[36mLead Create (2.5ms)[0m  [1m[32mINSERT INTO "leads" ("workspace_id", "assigned_to_id", "name", "email", "phone", "company_name", "source", "status", "estimated_value", "priority", "next_follow_up_at", "notes_summary", "created_at", "updated_at") VALUES ($1, $2, $3, $4, $5, $6, $7, $8, $9, $10, $11, $12, $13, $14) RETURNING "id"[0m  [["workspace_id", 2], ["assigned_to_id", 4], ["name", "James Walker"], ["email", "lead7@example.com"], ["phone", "555-0106"], ["company_name", "Canyon Creek Homes"], ["source", "Cold Outreach"], ["status", "New"], ["estimated_value", "3900.0"], ["priority", "Low"], ["next_follow_up_at", "2026-05-03 11:00:00"], ["notes_summary", "Needs a clear estimate, fast follow-up, and timeline confirmation."], ["created_at", "2026-05-02 12:55:32.517508"], ["updated_at", "2026-05-02 12:55:32.517508"]]
  [1m[36mTRANSACTION (1.5ms)[0m  [1m[35mCOMMIT[0m
  [1m[36mTRANSACTION (0.3ms)[0m  [1m[35mBEGIN[0m
  [1m[36mActivityLog Create (2.4ms)[0m  [1m[32mINSERT INTO "activity_logs" ("workspace_id", "lead_id", "user_id", "action", "metadata", "created_at", "updated_at") VALUES ($1, $2, $3, $4, $5, $6, $7) RETURNING "id"[0m  [["workspace_id", 2], ["lead_id", 32], ["user_id", 4], ["action", "lead_created"], ["metadata", "{\"source\":\"Cold Outreach\"}"], ["created_at", "2026-05-02 12:55:32.525444"], ["updated_at", "2026-05-02 12:55:32.525444"]]
  [1m[36mTRANSACTION (1.5ms)[0m  [1m[35mCOMMIT[0m
  [1m[36mTRANSACTION (0.3ms)[0m  [1m[35mBEGIN[0m
  [1m[36mNote Create (2.7ms)[0m  [1m[32mINSERT INTO "notes" ("lead_id", "user_id", "body", "created_at", "updated_at") VALUES ($1, $2, $3, $4, $5) RETURNING "id"[0m  [["lead_id", 32], ["user_id", 5], ["body", "Discovery call completed. Client asked for pricing, availability, and insurance details."], ["created_at", "2026-05-02 12:55:32.535011"], ["updated_at", "2026-05-02 12:55:32.535011"]]
  [1m[36mTRANSACTION (1.5ms)[0m  [1m[35mCOMMIT[0m
  [1m[36mTRANSACTION (0.2ms)[0m  [1m[35mBEGIN[0m
  [1m[36mActivityLog Create (2.3ms)[0m  [1m[32mINSERT INTO "activity_logs" ("workspace_id", "lead_id", "user_id", "action", "metadata", "created_at", "updated_at") VALUES ($1, $2, $3, $4, $5, $6, $7) RETURNING "id"[0m  [["workspace_id", 2], ["lead_id", 32], ["user_id", 5], ["action", "note_added"], ["metadata", "{\"note_id\":17}"], ["created_at", "2026-05-02 12:55:32.542921"], ["updated_at", "2026-05-02 12:55:32.542921"]]
  [1m[36mTRANSACTION (1.6ms)[0m  [1m[35mCOMMIT[0m
  [1m[36mTRANSACTION (0.3ms)[0m  [1m[35mBEGIN[0m
  [1m[36mLead Create (2.4ms)[0m  [1m[32mINSERT INTO "leads" ("workspace_id", "assigned_to_id", "name", "email", "phone", "company_name", "source", "status", "estimated_value", "priority", "next_follow_up_at", "notes_summary", "created_at", "updated_at") VALUES ($1, $2, $3, $4, $5, $6, $7, $8, $9, $10, $11, $12, $13, $14) RETURNING "id"[0m  [["workspace_id", 2], ["assigned_to_id", 5], ["name", "Monica Lee"], ["email", "lead8@example.com"], ["phone", "555-0107"], ["company_name", "Metro Legal Group"], ["source", "Google Ads"], ["status", "Contacted"], ["estimated_value", "1800.0"], ["priority", "Medium"], ["next_follow_up_at", "2026-05-04 14:00:00"], ["notes_summary", "Needs a clear estimate, fast follow-up, and timeline confirmation."], ["created_at", "2026-05-02 12:55:32.551338"], ["updated_at", "2026-05-02 12:55:32.551338"]]
  [1m[36mTRANSACTION (1.5ms)[0m  [1m[35mCOMMIT[0m
  [1m[36mTRANSACTION (0.2ms)[0m  [1m[35mBEGIN[0m
  [1m[36mActivityLog Create (2.4ms)[0m  [1m[32mINSERT INTO "activity_logs" ("workspace_id", "lead_id", "user_id", "action", "metadata", "created_at", "updated_at") VALUES ($1, $2, $3, $4, $5, $6, $7) RETURNING "id"[0m  [["workspace_id", 2], ["lead_id", 33], ["user_id", 5], ["action", "lead_created"], ["metadata", "{\"source\":\"Google Ads\"}"], ["created_at", "2026-05-02 12:55:32.559071"], ["updated_at", "2026-05-02 12:55:32.559071"]]
  [1m[36mTRANSACTION (1.6ms)[0m  [1m[35mCOMMIT[0m
  [1m[36mTRANSACTION (0.3ms)[0m  [1m[35mBEGIN[0m
  [1m[36mActivityLog Create (2.3ms)[0m  [1m[32mINSERT INTO "activity_logs" ("workspace_id", "lead_id", "user_id", "action", "metadata", "created_at", "updated_at") VALUES ($1, $2, $3, $4, $5, $6, $7) RETURNING "id"[0m  [["workspace_id", 2], ["lead_id", 33], ["user_id", 5], ["action", "status_changed"], ["metadata", "{\"from\":\"New\",\"to\":\"Contacted\"}"], ["created_at", "2026-05-02 12:55:32.567162"], ["updated_at", "2026-05-02 12:55:32.567162"]]
  [1m[36mTRANSACTION (1.4ms)[0m  [1m[35mCOMMIT[0m
  [1m[36mTRANSACTION (0.1ms)[0m  [1m[35mBEGIN[0m
  [1m[36mLead Create (2.2ms)[0m  [1m[32mINSERT INTO "leads" ("workspace_id", "assigned_to_id", "name", "email", "phone", "company_name", "source", "status", "estimated_value", "priority", "next_follow_up_at", "notes_summary", "created_at", "updated_at") VALUES ($1, $2, $3, $4, $5, $6, $7, $8, $9, $10, $11, $12, $13, $14) RETURNING "id"[0m  [["workspace_id", 2], ["assigned_to_id", 6], ["name", "Sarah Collins"], ["email", "lead9@example.com"], ["phone", "555-0108"], ["company_name", "BrightPath School"], ["source", "Website"], ["status", "Qualified"], ["estimated_value", "2400.0"], ["priority", "High"], ["next_follow_up_at", "2026-05-05 14:00:00"], ["notes_summary", "Needs a clear estimate, fast follow-up, and timeline confirmation."], ["created_at", "2026-05-02 12:55:32.575158"], ["updated_at", "2026-05-02 12:55:32.575158"]]
  [1m[36mTRANSACTION (1.4ms)[0m  [1m[35mCOMMIT[0m
  [1m[36mTRANSACTION (0.3ms)[0m  [1m[35mBEGIN[0m
  [1m[36mActivityLog Create (3.3ms)[0m  [1m[32mINSERT INTO "activity_logs" ("workspace_id", "lead_id", "user_id", "action", "metadata", "created_at", "updated_at") VALUES ($1, $2, $3, $4, $5, $6, $7) RETURNING "id"[0m  [["workspace_id", 2], ["lead_id", 34], ["user_id", 6], ["action", "lead_created"], ["metadata", "{\"source\":\"Website\"}"], ["created_at", "2026-05-02 12:55:32.583450"], ["updated_at", "2026-05-02 12:55:32.583450"]]
  [1m[36mTRANSACTION (1.5ms)[0m  [1m[35mCOMMIT[0m
  [1m[36mTRANSACTION (0.3ms)[0m  [1m[35mBEGIN[0m
  [1m[36mNote Create (2.5ms)[0m  [1m[32mINSERT INTO "notes" ("lead_id", "user_id", "body", "created_at", "updated_at") VALUES ($1, $2, $3, $4, $5) RETURNING "id"[0m  [["lead_id", 34], ["user_id", 5], ["body", "Discovery call completed. Client asked for pricing, availability, and insurance details."], ["created_at", "2026-05-02 12:55:32.592247"], ["updated_at", "2026-05-02 12:55:32.592247"]]
  [1m[36mTRANSACTION (1.5ms)[0m  [1m[35mCOMMIT[0m
  [1m[36mTRANSACTION (0.2ms)[0m  [1m[35mBEGIN[0m
  [1m[36mActivityLog Create (2.2ms)[0m  [1m[32mINSERT INTO "activity_logs" ("workspace_id", "lead_id", "user_id", "action", "metadata", "created_at", "updated_at") VALUES ($1, $2, $3, $4, $5, $6, $7) RETURNING "id"[0m  [["workspace_id", 2], ["lead_id", 34], ["user_id", 5], ["action", "note_added"], ["metadata", "{\"note_id\":18}"], ["created_at", "2026-05-02 12:55:32.600600"], ["updated_at", "2026-05-02 12:55:32.600600"]]
  [1m[36mTRANSACTION (1.4ms)[0m  [1m[35mCOMMIT[0m
  [1m[36mTRANSACTION (0.2ms)[0m  [1m[35mBEGIN[0m
  [1m[36mActivityLog Create (2.2ms)[0m  [1m[32mINSERT INTO "activity_logs" ("workspace_id", "lead_id", "user_id", "action", "metadata", "created_at", "updated_at") VALUES ($1, $2, $3, $4, $5, $6, $7) RETURNING "id"[0m  [["workspace_id", 2], ["lead_id", 34], ["user_id", 6], ["action", "status_changed"], ["metadata", "{\"from\":\"New\",\"to\":\"Qualified\"}"], ["created_at", "2026-05-02 12:55:32.608198"], ["updated_at", "2026-05-02 12:55:32.608198"]]
  [1m[36mTRANSACTION (1.4ms)[0m  [1m[35mCOMMIT[0m
  [1m[36mTRANSACTION (0.3ms)[0m  [1m[35mBEGIN[0m
  [1m[36mLead Create (2.3ms)[0m  [1m[32mINSERT INTO "leads" ("workspace_id", "assigned_to_id", "name", "email", "phone", "company_name", "source", "status", "estimated_value", "priority", "next_follow_up_at", "notes_summary", "created_at", "updated_at") VALUES ($1, $2, $3, $4, $5, $6, $7, $8, $9, $10, $11, $12, $13, $14) RETURNING "id"[0m  [["workspace_id", 2], ["assigned_to_id", 4], ["name", "Leo Brooks"], ["email", "lead10@example.com"], ["phone", "555-0109"], ["company_name", "Valley Auto"], ["source", "Referral"], ["status", "Proposal Sent"], ["estimated_value", "2400.0"], ["priority", "Low"], ["next_follow_up_at", "2026-05-06 11:00:00"], ["notes_summary", "Needs a clear estimate, fast follow-up, and timeline confirmation."], ["created_at", "2026-05-02 12:55:32.616248"], ["updated_at", "2026-05-02 12:55:32.616248"]]
  [1m[36mTRANSACTION (1.5ms)[0m  [1m[35mCOMMIT[0m
  [1m[36mTRANSACTION (0.3ms)[0m  [1m[35mBEGIN[0m
  [1m[36mActivityLog Create (2.5ms)[0m  [1m[32mINSERT INTO "activity_logs" ("workspace_id", "lead_id", "user_id", "action", "metadata", "created_at", "updated_at") VALUES ($1, $2, $3, $4, $5, $6, $7) RETURNING "id"[0m  [["workspace_id", 2], ["lead_id", 35], ["user_id", 4], ["action", "lead_created"], ["metadata", "{\"source\":\"Referral\"}"], ["created_at", "2026-05-02 12:55:32.624042"], ["updated_at", "2026-05-02 12:55:32.624042"]]
  [1m[36mTRANSACTION (1.5ms)[0m  [1m[35mCOMMIT[0m
  [1m[36mTRANSACTION (0.2ms)[0m  [1m[35mBEGIN[0m
  [1m[36mActivityLog Create (2.3ms)[0m  [1m[32mINSERT INTO "activity_logs" ("workspace_id", "lead_id", "user_id", "action", "metadata", "created_at", "updated_at") VALUES ($1, $2, $3, $4, $5, $6, $7) RETURNING "id"[0m  [["workspace_id", 2], ["lead_id", 35], ["user_id", 4], ["action", "status_changed"], ["metadata", "{\"from\":\"New\",\"to\":\"Proposal Sent\"}"], ["created_at", "2026-05-02 12:55:32.632221"], ["updated_at", "2026-05-02 12:55:32.632221"]]
  [1m[36mTRANSACTION (1.4ms)[0m  [1m[35mCOMMIT[0m
  [1m[36mTRANSACTION (0.3ms)[0m  [1m[35mBEGIN[0m
  [1m[36mLead Create (2.3ms)[0m  [1m[32mINSERT INTO "leads" ("workspace_id", "assigned_to_id", "name", "email", "phone", "company_name", "source", "status", "estimated_value", "priority", "next_follow_up_at", "notes_summary", "created_at", "updated_at") VALUES ($1, $2, $3, $4, $5, $6, $7, $8, $9, $10, $11, $12, $13, $14) RETURNING "id"[0m  [["workspace_id", 2], ["assigned_to_id", 5], ["name", "Priya Shah"], ["email", "lead11@example.com"], ["phone", "555-0110"], ["company_name", "Cedar Ridge Church"], ["source", "Facebook"], ["status", "Won"], ["estimated_value", "12500.0"], ["priority", "Medium"], ["next_follow_up_at", "2026-05-07 09:00:00"], ["notes_summary", "Needs a clear estimate, fast follow-up, and timeline confirmation."], ["created_at", "2026-05-02 12:55:32.640185"], ["updated_at", "2026-05-02 12:55:32.640185"]]
  [1m[36mTRANSACTION (1.5ms)[0m  [1m[35mCOMMIT[0m
  [1m[36mTRANSACTION (0.3ms)[0m  [1m[35mBEGIN[0m
  [1m[36mActivityLog Create (2.8ms)[0m  [1m[32mINSERT INTO "activity_logs" ("workspace_id", "lead_id", "user_id", "action", "metadata", "created_at", "updated_at") VALUES ($1, $2, $3, $4, $5, $6, $7) RETURNING "id"[0m  [["workspace_id", 2], ["lead_id", 36], ["user_id", 5], ["action", "lead_created"], ["metadata", "{\"source\":\"Facebook\"}"], ["created_at", "2026-05-02 12:55:32.648204"], ["updated_at", "2026-05-02 12:55:32.648204"]]
  [1m[36mTRANSACTION (1.5ms)[0m  [1m[35mCOMMIT[0m
  [1m[36mTRANSACTION (0.2ms)[0m  [1m[35mBEGIN[0m
  [1m[36mNote Create (2.4ms)[0m  [1m[32mINSERT INTO "notes" ("lead_id", "user_id", "body", "created_at", "updated_at") VALUES ($1, $2, $3, $4, $5) RETURNING "id"[0m  [["lead_id", 36], ["user_id", 5], ["body", "Discovery call completed. Client asked for pricing, availability, and insurance details."], ["created_at", "2026-05-02 12:55:32.656280"], ["updated_at", "2026-05-02 12:55:32.656280"]]
  [1m[36mTRANSACTION (1.4ms)[0m  [1m[35mCOMMIT[0m
  [1m[36mTRANSACTION (0.3ms)[0m  [1m[35mBEGIN[0m
  [1m[36mActivityLog Create (2.3ms)[0m  [1m[32mINSERT INTO "activity_logs" ("workspace_id", "lead_id", "user_id", "action", "metadata", "created_at", "updated_at") VALUES ($1, $2, $3, $4, $5, $6, $7) RETURNING "id"[0m  [["workspace_id", 2], ["lead_id", 36], ["user_id", 5], ["action", "note_added"], ["metadata", "{\"note_id\":19}"], ["created_at", "2026-05-02 12:55:32.664015"], ["updated_at", "2026-05-02 12:55:32.664015"]]
  [1m[36mTRANSACTION (1.6ms)[0m  [1m[35mCOMMIT[0m
  [1m[36mTRANSACTION (0.2ms)[0m  [1m[35mBEGIN[0m
  [1m[36mActivityLog Create (2.3ms)[0m  [1m[32mINSERT INTO "activity_logs" ("workspace_id", "lead_id", "user_id", "action", "metadata", "created_at", "updated_at") VALUES ($1, $2, $3, $4, $5, $6, $7) RETURNING "id"[0m  [["workspace_id", 2], ["lead_id", 36], ["user_id", 5], ["action", "status_changed"], ["metadata", "{\"from\":\"New\",\"to\":\"Won\"}"], ["created_at", "2026-05-02 12:55:32.672052"], ["updated_at", "2026-05-02 12:55:32.672052"]]
  [1m[36mTRANSACTION (1.7ms)[0m  [1m[35mCOMMIT[0m
  [1m[36mTRANSACTION (0.3ms)[0m  [1m[35mBEGIN[0m
  [1m[36mLead Create (2.5ms)[0m  [1m[32mINSERT INTO "leads" ("workspace_id", "assigned_to_id", "name", "email", "phone", "company_name", "source", "status", "estimated_value", "priority", "next_follow_up_at", "notes_summary", "created_at", "updated_at") VALUES ($1, $2, $3, $4, $5, $6, $7, $8, $9, $10, $11, $12, $13, $14) RETURNING "id"[0m  [["workspace_id", 2], ["assigned_to_id", 6], ["name", "Leo Brooks"], ["email", "lead12@example.com"], ["phone", "555-0111"], ["company_name", "Atlas Property Group"], ["source", "Thumbtack"], ["status", "Lost"], ["estimated_value", "950.0"], ["priority", "High"], ["next_follow_up_at", "2026-05-08 09:00:00"], ["notes_summary", "Needs a clear estimate, fast follow-up, and timeline confirmation."], ["created_at", "2026-05-02 12:55:32.680586"], ["updated_at", "2026-05-02 12:55:32.680586"]]
  [1m[36mTRANSACTION (1.6ms)[0m  [1m[35mCOMMIT[0m
  [1m[36mTRANSACTION (0.3ms)[0m  [1m[35mBEGIN[0m
  [1m[36mActivityLog Create (3.8ms)[0m  [1m[32mINSERT INTO "activity_logs" ("workspace_id", "lead_id", "user_id", "action", "metadata", "created_at", "updated_at") VALUES ($1, $2, $3, $4, $5, $6, $7) RETURNING "id"[0m  [["workspace_id", 2], ["lead_id", 37], ["user_id", 6], ["action", "lead_created"], ["metadata", "{\"source\":\"Thumbtack\"}"], ["created_at", "2026-05-02 12:55:32.690368"], ["updated_at", "2026-05-02 12:55:32.690368"]]
  [1m[36mTRANSACTION (1.4ms)[0m  [1m[35mCOMMIT[0m
  [1m[36mTRANSACTION (0.2ms)[0m  [1m[35mBEGIN[0m
  [1m[36mActivityLog Create (3.0ms)[0m  [1m[32mINSERT INTO "activity_logs" ("workspace_id", "lead_id", "user_id", "action", "metadata", "created_at", "updated_at") VALUES ($1, $2, $3, $4, $5, $6, $7) RETURNING "id"[0m  [["workspace_id", 2], ["lead_id", 37], ["user_id", 6], ["action", "status_changed"], ["metadata", "{\"from\":\"New\",\"to\":\"Lost\"}"], ["created_at", "2026-05-02 12:55:32.702121"], ["updated_at", "2026-05-02 12:55:32.702121"]]
  [1m[36mTRANSACTION (1.3ms)[0m  [1m[35mCOMMIT[0m
  [1m[36mTRANSACTION (0.2ms)[0m  [1m[35mBEGIN[0m
  [1m[36mLead Create (2.1ms)[0m  [1m[32mINSERT INTO "leads" ("workspace_id", "assigned_to_id", "name", "email", "phone", "company_name", "source", "status", "estimated_value", "priority", "next_follow_up_at", "notes_summary", "created_at", "updated_at") VALUES ($1, $2, $3, $4, $5, $6, $7, $8, $9, $10, $11, $12, $13, $14) RETURNING "id"[0m  [["workspace_id", 2], ["assigned_to_id", 4], ["name", "James Walker"], ["email", "lead13@example.com"], ["phone", "555-0112"], ["company_name", "FreshStart Kitchens"], ["source", "Yelp"], ["status", "New"], ["estimated_value", "5200.0"], ["priority", "Low"], ["next_follow_up_at", "2026-05-09 16:00:00"], ["notes_summary", "Needs a clear estimate, fast follow-up, and timeline confirmation."], ["created_at", "2026-05-02 12:55:32.712003"], ["updated_at", "2026-05-02 12:55:32.712003"]]
  [1m[36mTRANSACTION (1.4ms)[0m  [1m[35mCOMMIT[0m
  [1m[36mTRANSACTION (0.2ms)[0m  [1m[35mBEGIN[0m
  [1m[36mActivityLog Create (2.5ms)[0m  [1m[32mINSERT INTO "activity_logs" ("workspace_id", "lead_id", "user_id", "action", "metadata", "created_at", "updated_at") VALUES ($1, $2, $3, $4, $5, $6, $7) RETURNING "id"[0m  [["workspace_id", 2], ["lead_id", 38], ["user_id", 4], ["action", "lead_created"], ["metadata", "{\"source\":\"Yelp\"}"], ["created_at", "2026-05-02 12:55:32.720845"], ["updated_at", "2026-05-02 12:55:32.720845"]]
  [1m[36mTRANSACTION (1.5ms)[0m  [1m[35mCOMMIT[0m
  [1m[36mTRANSACTION (0.3ms)[0m  [1m[35mBEGIN[0m
  [1m[36mNote Create (2.5ms)[0m  [1m[32mINSERT INTO "notes" ("lead_id", "user_id", "body", "created_at", "updated_at") VALUES ($1, $2, $3, $4, $5) RETURNING "id"[0m  [["lead_id", 38], ["user_id", 5], ["body", "Discovery call completed. Client asked for pricing, availability, and insurance details."], ["created_at", "2026-05-02 12:55:32.729435"], ["updated_at", "2026-05-02 12:55:32.729435"]]
  [1m[36mTRANSACTION (1.9ms)[0m  [1m[35mCOMMIT[0m
  [1m[36mTRANSACTION (0.3ms)[0m  [1m[35mBEGIN[0m
  [1m[36mActivityLog Create (2.6ms)[0m  [1m[32mINSERT INTO "activity_logs" ("workspace_id", "lead_id", "user_id", "action", "metadata", "created_at", "updated_at") VALUES ($1, $2, $3, $4, $5, $6, $7) RETURNING "id"[0m  [["workspace_id", 2], ["lead_id", 38], ["user_id", 5], ["action", "note_added"], ["metadata", "{\"note_id\":20}"], ["created_at", "2026-05-02 12:55:32.737642"], ["updated_at", "2026-05-02 12:55:32.737642"]]
  [1m[36mTRANSACTION (1.7ms)[0m  [1m[35mCOMMIT[0m
  [1m[36mTRANSACTION (0.3ms)[0m  [1m[35mBEGIN[0m
  [1m[36mLead Create (2.5ms)[0m  [1m[32mINSERT INTO "leads" ("workspace_id", "assigned_to_id", "name", "email", "phone", "company_name", "source", "status", "estimated_value", "priority", "next_follow_up_at", "notes_summary", "created_at", "updated_at") VALUES ($1, $2, $3, $4, $5, $6, $7, $8, $9, $10, $11, $12, $13, $14) RETURNING "id"[0m  [["workspace_id", 2], ["assigned_to_id", 5], ["name", "Monica Lee"], ["email", "lead14@example.com"], ["phone", "555-0113"], ["company_name", "Pioneer Builders"], ["source", "Cold Outreach"], ["status", "Contacted"], ["estimated_value", "950.0"], ["priority", "Medium"], ["next_follow_up_at", "2026-05-10 11:00:00"], ["notes_summary", "Needs a clear estimate, fast follow-up, and timeline confirmation."], ["created_at", "2026-05-02 12:55:32.746258"], ["updated_at", "2026-05-02 12:55:32.746258"]]
  [1m[36mTRANSACTION (1.9ms)[0m  [1m[35mCOMMIT[0m
  [1m[36mTRANSACTION (0.3ms)[0m  [1m[35mBEGIN[0m
  [1m[36mActivityLog Create (2.5ms)[0m  [1m[32mINSERT INTO "activity_logs" ("workspace_id", "lead_id", "user_id", "action", "metadata", "created_at", "updated_at") VALUES ($1, $2, $3, $4, $5, $6, $7) RETURNING "id"[0m  [["workspace_id", 2], ["lead_id", 39], ["user_id", 5], ["action", "lead_created"], ["metadata", "{\"source\":\"Cold Outreach\"}"], ["created_at", "2026-05-02 12:55:32.755291"], ["updated_at", "2026-05-02 12:55:32.755291"]]
  [1m[36mTRANSACTION (1.8ms)[0m  [1m[35mCOMMIT[0m
  [1m[36mTRANSACTION (0.3ms)[0m  [1m[35mBEGIN[0m
  [1m[36mActivityLog Create (2.4ms)[0m  [1m[32mINSERT INTO "activity_logs" ("workspace_id", "lead_id", "user_id", "action", "metadata", "created_at", "updated_at") VALUES ($1, $2, $3, $4, $5, $6, $7) RETURNING "id"[0m  [["workspace_id", 2], ["lead_id", 39], ["user_id", 5], ["action", "status_changed"], ["metadata", "{\"from\":\"New\",\"to\":\"Contacted\"}"], ["created_at", "2026-05-02 12:55:32.763638"], ["updated_at", "2026-05-02 12:55:32.763638"]]
  [1m[36mTRANSACTION (1.9ms)[0m  [1m[35mCOMMIT[0m
  [1m[36mTRANSACTION (0.3ms)[0m  [1m[35mBEGIN[0m
  [1m[36mLead Create (2.7ms)[0m  [1m[32mINSERT INTO "leads" ("workspace_id", "assigned_to_id", "name", "email", "phone", "company_name", "source", "status", "estimated_value", "priority", "next_follow_up_at", "notes_summary", "created_at", "updated_at") VALUES ($1, $2, $3, $4, $5, $6, $7, $8, $9, $10, $11, $12, $13, $14) RETURNING "id"[0m  [["workspace_id", 2], ["assigned_to_id", 6], ["name", "Monica Lee"], ["email", "lead15@example.com"], ["phone", "555-0114"], ["company_name", "Sunrise Salon"], ["source", "Google Ads"], ["status", "Qualified"], ["estimated_value", "5200.0"], ["priority", "High"], ["next_follow_up_at", "2026-05-11 11:00:00"], ["notes_summary", "Needs a clear estimate, fast follow-up, and timeline confirmation."], ["created_at", "2026-05-02 12:55:32.772378"], ["updated_at", "2026-05-02 12:55:32.772378"]]
  [1m[36mTRANSACTION (1.6ms)[0m  [1m[35mCOMMIT[0m
  [1m[36mTRANSACTION (0.2ms)[0m  [1m[35mBEGIN[0m
  [1m[36mActivityLog Create (2.2ms)[0m  [1m[32mINSERT INTO "activity_logs" ("workspace_id", "lead_id", "user_id", "action", "metadata", "created_at", "updated_at") VALUES ($1, $2, $3, $4, $5, $6, $7) RETURNING "id"[0m  [["workspace_id", 2], ["lead_id", 40], ["user_id", 6], ["action", "lead_created"], ["metadata", "{\"source\":\"Google Ads\"}"], ["created_at", "2026-05-02 12:55:32.780713"], ["updated_at", "2026-05-02 12:55:32.780713"]]
  [1m[36mTRANSACTION (1.7ms)[0m  [1m[35mCOMMIT[0m
  [1m[36mTRANSACTION (0.2ms)[0m  [1m[35mBEGIN[0m
  [1m[36mNote Create (2.1ms)[0m  [1m[32mINSERT INTO "notes" ("lead_id", "user_id", "body", "created_at", "updated_at") VALUES ($1, $2, $3, $4, $5) RETURNING "id"[0m  [["lead_id", 40], ["user_id", 5], ["body", "Discovery call completed. Client asked for pricing, availability, and insurance details."], ["created_at", "2026-05-02 12:55:32.788467"], ["updated_at", "2026-05-02 12:55:32.788467"]]
  [1m[36mTRANSACTION (1.6ms)[0m  [1m[35mCOMMIT[0m
  [1m[36mTRANSACTION (0.2ms)[0m  [1m[35mBEGIN[0m
  [1m[36mActivityLog Create (2.4ms)[0m  [1m[32mINSERT INTO "activity_logs" ("workspace_id", "lead_id", "user_id", "action", "metadata", "created_at", "updated_at") VALUES ($1, $2, $3, $4, $5, $6, $7) RETURNING "id"[0m  [["workspace_id", 2], ["lead_id", 40], ["user_id", 5], ["action", "note_added"], ["metadata", "{\"note_id\":21}"], ["created_at", "2026-05-02 12:55:32.796214"], ["updated_at", "2026-05-02 12:55:32.796214"]]
  [1m[36mTRANSACTION (1.5ms)[0m  [1m[35mCOMMIT[0m
  [1m[36mTRANSACTION (0.2ms)[0m  [1m[35mBEGIN[0m
  [1m[36mActivityLog Create (2.1ms)[0m  [1m[32mINSERT INTO "activity_logs" ("workspace_id", "lead_id", "user_id", "action", "metadata", "created_at", "updated_at") VALUES ($1, $2, $3, $4, $5, $6, $7) RETURNING "id"[0m  [["workspace_id", 2], ["lead_id", 40], ["user_id", 6], ["action", "status_changed"], ["metadata", "{\"from\":\"New\",\"to\":\"Qualified\"}"], ["created_at", "2026-05-02 12:55:32.803843"], ["updated_at", "2026-05-02 12:55:32.803843"]]
  [1m[36mTRANSACTION (1.6ms)[0m  [1m[35mCOMMIT[0m
  [1m[36mTRANSACTION (0.2ms)[0m  [1m[35mBEGIN[0m
  [1m[36mLead Create (2.3ms)[0m  [1m[32mINSERT INTO "leads" ("workspace_id", "assigned_to_id", "name", "email", "phone", "company_name", "source", "status", "estimated_value", "priority", "next_follow_up_at", "notes_summary", "created_at", "updated_at") VALUES ($1, $2, $3, $4, $5, $6, $7, $8, $9, $10, $11, $12, $13, $14) RETURNING "id"[0m  [["workspace_id", 2], ["assigned_to_id", 4], ["name", "James Walker"], ["email", "lead16@example.com"], ["phone", "555-0115"], ["company_name", "Keystone Rentals"], ["source", "Website"], ["status", "Proposal Sent"], ["estimated_value", "2400.0"], ["priority", "Low"], ["next_follow_up_at", "2026-05-12 14:00:00"], ["notes_summary", "Needs a clear estimate, fast follow-up, and timeline confirmation."], ["created_at", "2026-05-02 12:55:32.812213"], ["updated_at", "2026-05-02 12:55:32.812213"]]
  [1m[36mTRANSACTION (1.6ms)[0m  [1m[35mCOMMIT[0m
  [1m[36mTRANSACTION (0.2ms)[0m  [1m[35mBEGIN[0m
  [1m[36mActivityLog Create (2.3ms)[0m  [1m[32mINSERT INTO "activity_logs" ("workspace_id", "lead_id", "user_id", "action", "metadata", "created_at", "updated_at") VALUES ($1, $2, $3, $4, $5, $6, $7) RETURNING "id"[0m  [["workspace_id", 2], ["lead_id", 41], ["user_id", 4], ["action", "lead_created"], ["metadata", "{\"source\":\"Website\"}"], ["created_at", "2026-05-02 12:55:32.820336"], ["updated_at", "2026-05-02 12:55:32.820336"]]
  [1m[36mTRANSACTION (1.6ms)[0m  [1m[35mCOMMIT[0m
  [1m[36mTRANSACTION (0.2ms)[0m  [1m[35mBEGIN[0m
  [1m[36mActivityLog Create (2.3ms)[0m  [1m[32mINSERT INTO "activity_logs" ("workspace_id", "lead_id", "user_id", "action", "metadata", "created_at", "updated_at") VALUES ($1, $2, $3, $4, $5, $6, $7) RETURNING "id"[0m  [["workspace_id", 2], ["lead_id", 41], ["user_id", 4], ["action", "status_changed"], ["metadata", "{\"from\":\"New\",\"to\":\"Proposal Sent\"}"], ["created_at", "2026-05-02 12:55:32.828454"], ["updated_at", "2026-05-02 12:55:32.828454"]]
  [1m[36mTRANSACTION (1.6ms)[0m  [1m[35mCOMMIT[0m
  [1m[36mTRANSACTION (0.2ms)[0m  [1m[35mBEGIN[0m
  [1m[36mLead Create (2.4ms)[0m  [1m[32mINSERT INTO "leads" ("workspace_id", "assigned_to_id", "name", "email", "phone", "company_name", "source", "status", "estimated_value", "priority", "next_follow_up_at", "notes_summary", "created_at", "updated_at") VALUES ($1, $2, $3, $4, $5, $6, $7, $8, $9, $10, $11, $12, $13, $14) RETURNING "id"[0m  [["workspace_id", 2], ["assigned_to_id", 5], ["name", "Monica Lee"], ["email", "lead17@example.com"], ["phone", "555-0116"], ["company_name", "Urban Nest"], ["source", "Referral"], ["status", "Won"], ["estimated_value", "950.0"], ["priority", "Medium"], ["next_follow_up_at", "2026-05-13 16:00:00"], ["notes_summary", "Needs a clear estimate, fast follow-up, and timeline confirmation."], ["created_at", "2026-05-02 12:55:32.837001"], ["updated_at", "2026-05-02 12:55:32.837001"]]
  [1m[36mTRANSACTION (1.6ms)[0m  [1m[35mCOMMIT[0m
  [1m[36mTRANSACTION (0.2ms)[0m  [1m[35mBEGIN[0m
  [1m[36mActivityLog Create (2.4ms)[0m  [1m[32mINSERT INTO "activity_logs" ("workspace_id", "lead_id", "user_id", "action", "metadata", "created_at", "updated_at") VALUES ($1, $2, $3, $4, $5, $6, $7) RETURNING "id"[0m  [["workspace_id", 2], ["lead_id", 42], ["user_id", 5], ["action", "lead_created"], ["metadata", "{\"source\":\"Referral\"}"], ["created_at", "2026-05-02 12:55:32.845435"], ["updated_at", "2026-05-02 12:55:32.845435"]]
  [1m[36mTRANSACTION (1.7ms)[0m  [1m[35mCOMMIT[0m
  [1m[36mTRANSACTION (0.2ms)[0m  [1m[35mBEGIN[0m
  [1m[36mNote Create (2.3ms)[0m  [1m[32mINSERT INTO "notes" ("lead_id", "user_id", "body", "created_at", "updated_at") VALUES ($1, $2, $3, $4, $5) RETURNING "id"[0m  [["lead_id", 42], ["user_id", 5], ["body", "Discovery call completed. Client asked for pricing, availability, and insurance details."], ["created_at", "2026-05-02 12:55:32.853732"], ["updated_at", "2026-05-02 12:55:32.853732"]]
  [1m[36mTRANSACTION (1.9ms)[0m  [1m[35mCOMMIT[0m
  [1m[36mTRANSACTION (0.3ms)[0m  [1m[35mBEGIN[0m
  [1m[36mActivityLog Create (2.4ms)[0m  [1m[32mINSERT INTO "activity_logs" ("workspace_id", "lead_id", "user_id", "action", "metadata", "created_at", "updated_at") VALUES ($1, $2, $3, $4, $5, $6, $7) RETURNING "id"[0m  [["workspace_id", 2], ["lead_id", 42], ["user_id", 5], ["action", "note_added"], ["metadata", "{\"note_id\":22}"], ["created_at", "2026-05-02 12:55:32.862122"], ["updated_at", "2026-05-02 12:55:32.862122"]]
  [1m[36mTRANSACTION (1.6ms)[0m  [1m[35mCOMMIT[0m
  [1m[36mTRANSACTION (0.2ms)[0m  [1m[35mBEGIN[0m
  [1m[36mActivityLog Create (2.4ms)[0m  [1m[32mINSERT INTO "activity_logs" ("workspace_id", "lead_id", "user_id", "action", "metadata", "created_at", "updated_at") VALUES ($1, $2, $3, $4, $5, $6, $7) RETURNING "id"[0m  [["workspace_id", 2], ["lead_id", 42], ["user_id", 5], ["action", "status_changed"], ["metadata", "{\"from\":\"New\",\"to\":\"Won\"}"], ["created_at", "2026-05-02 12:55:32.870379"], ["updated_at", "2026-05-02 12:55:32.870379"]]
  [1m[36mTRANSACTION (1.6ms)[0m  [1m[35mCOMMIT[0m
  [1m[36mTRANSACTION (0.2ms)[0m  [1m[35mBEGIN[0m
  [1m[36mLead Create (2.5ms)[0m  [1m[32mINSERT INTO "leads" ("workspace_id", "assigned_to_id", "name", "email", "phone", "company_name", "source", "status", "estimated_value", "priority", "next_follow_up_at", "notes_summary", "created_at", "updated_at") VALUES ($1, $2, $3, $4, $5, $6, $7, $8, $9, $10, $11, $12, $13, $14) RETURNING "id"[0m  [["workspace_id", 2], ["assigned_to_id", 6], ["name", "Leo Brooks"], ["email", "lead18@example.com"], ["phone", "555-0117"], ["company_name", "Ridgeway Clinic"], ["source", "Facebook"], ["status", "Lost"], ["estimated_value", "8700.0"], ["priority", "High"], ["next_follow_up_at", "2026-05-14 16:00:00"], ["notes_summary", "Needs a clear estimate, fast follow-up, and timeline confirmation."], ["created_at", "2026-05-02 12:55:32.879121"], ["updated_at", "2026-05-02 12:55:32.879121"]]
  [1m[36mTRANSACTION (1.7ms)[0m  [1m[35mCOMMIT[0m
  [1m[36mTRANSACTION (0.2ms)[0m  [1m[35mBEGIN[0m
  [1m[36mActivityLog Create (2.4ms)[0m  [1m[32mINSERT INTO "activity_logs" ("workspace_id", "lead_id", "user_id", "action", "metadata", "created_at", "updated_at") VALUES ($1, $2, $3, $4, $5, $6, $7) RETURNING "id"[0m  [["workspace_id", 2], ["lead_id", 43], ["user_id", 6], ["action", "lead_created"], ["metadata", "{\"source\":\"Facebook\"}"], ["created_at", "2026-05-02 12:55:32.887820"], ["updated_at", "2026-05-02 12:55:32.887820"]]
  [1m[36mTRANSACTION (1.6ms)[0m  [1m[35mCOMMIT[0m
  [1m[36mTRANSACTION (0.2ms)[0m  [1m[35mBEGIN[0m
  [1m[36mActivityLog Create (2.6ms)[0m  [1m[32mINSERT INTO "activity_logs" ("workspace_id", "lead_id", "user_id", "action", "metadata", "created_at", "updated_at") VALUES ($1, $2, $3, $4, $5, $6, $7) RETURNING "id"[0m  [["workspace_id", 2], ["lead_id", 43], ["user_id", 6], ["action", "status_changed"], ["metadata", "{\"from\":\"New\",\"to\":\"Lost\"}"], ["created_at", "2026-05-02 12:55:32.897153"], ["updated_at", "2026-05-02 12:55:32.897153"]]
  [1m[36mTRANSACTION (1.6ms)[0m  [1m[35mCOMMIT[0m
  [1m[36mTRANSACTION (0.2ms)[0m  [1m[35mBEGIN[0m
  [1m[36mLead Create (2.7ms)[0m  [1m[32mINSERT INTO "leads" ("workspace_id", "assigned_to_id", "name", "email", "phone", "company_name", "source", "status", "estimated_value", "priority", "next_follow_up_at", "notes_summary", "created_at", "updated_at") VALUES ($1, $2, $3, $4, $5, $6, $7, $8, $9, $10, $11, $12, $13, $14) RETURNING "id"[0m  [["workspace_id", 2], ["assigned_to_id", 4], ["name", "Sarah Collins"], ["email", "lead19@example.com"], ["phone", "555-0118"], ["company_name", "Willow Lane Retail"], ["source", "Thumbtack"], ["status", "New"], ["estimated_value", "1800.0"], ["priority", "Low"], ["next_follow_up_at", "2026-05-15 11:00:00"], ["notes_summary", "Needs a clear estimate, fast follow-up, and timeline confirmation."], ["created_at", "2026-05-02 12:55:32.906249"], ["updated_at", "2026-05-02 12:55:32.906249"]]
  [1m[36mTRANSACTION (1.6ms)[0m  [1m[35mCOMMIT[0m
  [1m[36mTRANSACTION (0.3ms)[0m  [1m[35mBEGIN[0m
  [1m[36mActivityLog Create (2.6ms)[0m  [1m[32mINSERT INTO "activity_logs" ("workspace_id", "lead_id", "user_id", "action", "metadata", "created_at", "updated_at") VALUES ($1, $2, $3, $4, $5, $6, $7) RETURNING "id"[0m  [["workspace_id", 2], ["lead_id", 44], ["user_id", 4], ["action", "lead_created"], ["metadata", "{\"source\":\"Thumbtack\"}"], ["created_at", "2026-05-02 12:55:32.915473"], ["updated_at", "2026-05-02 12:55:32.915473"]]
  [1m[36mTRANSACTION (1.8ms)[0m  [1m[35mCOMMIT[0m
  [1m[36mTRANSACTION (0.3ms)[0m  [1m[35mBEGIN[0m
  [1m[36mNote Create (2.5ms)[0m  [1m[32mINSERT INTO "notes" ("lead_id", "user_id", "body", "created_at", "updated_at") VALUES ($1, $2, $3, $4, $5) RETURNING "id"[0m  [["lead_id", 44], ["user_id", 5], ["body", "Discovery call completed. Client asked for pricing, availability, and insurance details."], ["created_at", "2026-05-02 12:55:32.924285"], ["updated_at", "2026-05-02 12:55:32.924285"]]
  [1m[36mTRANSACTION (1.6ms)[0m  [1m[35mCOMMIT[0m
  [1m[36mTRANSACTION (0.3ms)[0m  [1m[35mBEGIN[0m
  [1m[36mActivityLog Create (2.5ms)[0m  [1m[32mINSERT INTO "activity_logs" ("workspace_id", "lead_id", "user_id", "action", "metadata", "created_at", "updated_at") VALUES ($1, $2, $3, $4, $5, $6, $7) RETURNING "id"[0m  [["workspace_id", 2], ["lead_id", 44], ["user_id", 5], ["action", "note_added"], ["metadata", "{\"note_id\":23}"], ["created_at", "2026-05-02 12:55:32.933058"], ["updated_at", "2026-05-02 12:55:32.933058"]]
  [1m[36mTRANSACTION (1.6ms)[0m  [1m[35mCOMMIT[0m
  [1m[36mTRANSACTION (0.2ms)[0m  [1m[35mBEGIN[0m
  [1m[36mLead Create (2.9ms)[0m  [1m[32mINSERT INTO "leads" ("workspace_id", "assigned_to_id", "name", "email", "phone", "company_name", "source", "status", "estimated_value", "priority", "next_follow_up_at", "notes_summary", "created_at", "updated_at") VALUES ($1, $2, $3, $4, $5, $6, $7, $8, $9, $10, $11, $12, $13, $14) RETURNING "id"[0m  [["workspace_id", 2], ["assigned_to_id", 5], ["name", "David Kim"], ["email", "lead20@example.com"], ["phone", "555-0119"], ["company_name", "Bayside Condos"], ["source", "Yelp"], ["status", "Contacted"], ["estimated_value", "950.0"], ["priority", "Medium"], ["next_follow_up_at", "2026-05-16 09:00:00"], ["notes_summary", "Needs a clear estimate, fast follow-up, and timeline confirmation."], ["created_at", "2026-05-02 12:55:32.942205"], ["updated_at", "2026-05-02 12:55:32.942205"]]
  [1m[36mTRANSACTION (1.6ms)[0m  [1m[35mCOMMIT[0m
  [1m[36mTRANSACTION (0.3ms)[0m  [1m[35mBEGIN[0m
  [1m[36mActivityLog Create (2.5ms)[0m  [1m[32mINSERT INTO "activity_logs" ("workspace_id", "lead_id", "user_id", "action", "metadata", "created_at", "updated_at") VALUES ($1, $2, $3, $4, $5, $6, $7) RETURNING "id"[0m  [["workspace_id", 2], ["lead_id", 45], ["user_id", 5], ["action", "lead_created"], ["metadata", "{\"source\":\"Yelp\"}"], ["created_at", "2026-05-02 12:55:32.951743"], ["updated_at", "2026-05-02 12:55:32.951743"]]
  [1m[36mTRANSACTION (1.5ms)[0m  [1m[35mCOMMIT[0m
  [1m[36mTRANSACTION (0.2ms)[0m  [1m[35mBEGIN[0m
  [1m[36mActivityLog Create (3.1ms)[0m  [1m[32mINSERT INTO "activity_logs" ("workspace_id", "lead_id", "user_id", "action", "metadata", "created_at", "updated_at") VALUES ($1, $2, $3, $4, $5, $6, $7) RETURNING "id"[0m  [["workspace_id", 2], ["lead_id", 45], ["user_id", 5], ["action", "status_changed"], ["metadata", "{\"from\":\"New\",\"to\":\"Contacted\"}"], ["created_at", "2026-05-02 12:55:32.959820"], ["updated_at", "2026-05-02 12:55:32.959820"]]
  [1m[36mTRANSACTION (1.6ms)[0m  [1m[35mCOMMIT[0m
  [1m[36mTRANSACTION (0.2ms)[0m  [1m[35mBEGIN[0m
  [1m[36mLead Create (2.5ms)[0m  [1m[32mINSERT INTO "leads" ("workspace_id", "assigned_to_id", "name", "email", "phone", "company_name", "source", "status", "estimated_value", "priority", "next_follow_up_at", "notes_summary", "created_at", "updated_at") VALUES ($1, $2, $3, $4, $5, $6, $7, $8, $9, $10, $11, $12, $13, $14) RETURNING "id"[0m  [["workspace_id", 2], ["assigned_to_id", 6], ["name", "Priya Shah"], ["email", "lead21@example.com"], ["phone", "555-0120"], ["company_name", "PrimeCare Medical"], ["source", "Cold Outreach"], ["status", "Qualified"], ["estimated_value", "2400.0"], ["priority", "High"], ["next_follow_up_at", "2026-05-17 11:00:00"], ["notes_summary", "Needs a clear estimate, fast follow-up, and timeline confirmation."], ["created_at", "2026-05-02 12:55:32.969432"], ["updated_at", "2026-05-02 12:55:32.969432"]]
  [1m[36mTRANSACTION (1.6ms)[0m  [1m[35mCOMMIT[0m
  [1m[36mTRANSACTION (0.3ms)[0m  [1m[35mBEGIN[0m
  [1m[36mActivityLog Create (2.6ms)[0m  [1m[32mINSERT INTO "activity_logs" ("workspace_id", "lead_id", "user_id", "action", "metadata", "created_at", "updated_at") VALUES ($1, $2, $3, $4, $5, $6, $7) RETURNING "id"[0m  [["workspace_id", 2], ["lead_id", 46], ["user_id", 6], ["action", "lead_created"], ["metadata", "{\"source\":\"Cold Outreach\"}"], ["created_at", "2026-05-02 12:55:32.977864"], ["updated_at", "2026-05-02 12:55:32.977864"]]
  [1m[36mTRANSACTION (1.5ms)[0m  [1m[35mCOMMIT[0m
  [1m[36mTRANSACTION (0.2ms)[0m  [1m[35mBEGIN[0m
  [1m[36mNote Create (2.3ms)[0m  [1m[32mINSERT INTO "notes" ("lead_id", "user_id", "body", "created_at", "updated_at") VALUES ($1, $2, $3, $4, $5) RETURNING "id"[0m  [["lead_id", 46], ["user_id", 5], ["body", "Discovery call completed. Client asked for pricing, availability, and insurance details."], ["created_at", "2026-05-02 12:55:32.986748"], ["updated_at", "2026-05-02 12:55:32.986748"]]
  [1m[36mTRANSACTION (1.5ms)[0m  [1m[35mCOMMIT[0m
  [1m[36mTRANSACTION (0.3ms)[0m  [1m[35mBEGIN[0m
  [1m[36mActivityLog Create (2.5ms)[0m  [1m[32mINSERT INTO "activity_logs" ("workspace_id", "lead_id", "user_id", "action", "metadata", "created_at", "updated_at") VALUES ($1, $2, $3, $4, $5, $6, $7) RETURNING "id"[0m  [["workspace_id", 2], ["lead_id", 46], ["user_id", 5], ["action", "note_added"], ["metadata", "{\"note_id\":24}"], ["created_at", "2026-05-02 12:55:32.994567"], ["updated_at", "2026-05-02 12:55:32.994567"]]
  [1m[36mTRANSACTION (1.5ms)[0m  [1m[35mCOMMIT[0m
  [1m[36mTRANSACTION (0.3ms)[0m  [1m[35mBEGIN[0m
  [1m[36mActivityLog Create (2.4ms)[0m  [1m[32mINSERT INTO "activity_logs" ("workspace_id", "lead_id", "user_id", "action", "metadata", "created_at", "updated_at") VALUES ($1, $2, $3, $4, $5, $6, $7) RETURNING "id"[0m  [["workspace_id", 2], ["lead_id", 46], ["user_id", 6], ["action", "status_changed"], ["metadata", "{\"from\":\"New\",\"to\":\"Qualified\"}"], ["created_at", "2026-05-02 12:55:33.002963"], ["updated_at", "2026-05-02 12:55:33.002963"]]
  [1m[36mTRANSACTION (1.4ms)[0m  [1m[35mCOMMIT[0m
  [1m[36mTRANSACTION (0.2ms)[0m  [1m[35mBEGIN[0m
  [1m[36mLead Create (2.6ms)[0m  [1m[32mINSERT INTO "leads" ("workspace_id", "assigned_to_id", "name", "email", "phone", "company_name", "source", "status", "estimated_value", "priority", "next_follow_up_at", "notes_summary", "created_at", "updated_at") VALUES ($1, $2, $3, $4, $5, $6, $7, $8, $9, $10, $11, $12, $13, $14) RETURNING "id"[0m  [["workspace_id", 2], ["assigned_to_id", 4], ["name", "Priya Shah"], ["email", "lead22@example.com"], ["phone", "555-0121"], ["company_name", "Liberty Warehouse"], ["source", "Google Ads"], ["status", "Proposal Sent"], ["estimated_value", "2400.0"], ["priority", "Low"], ["next_follow_up_at", "2026-05-18 11:00:00"], ["notes_summary", "Needs a clear estimate, fast follow-up, and timeline confirmation."], ["created_at", "2026-05-02 12:55:33.011263"], ["updated_at", "2026-05-02 12:55:33.011263"]]
  [1m[36mTRANSACTION (1.5ms)[0m  [1m[35mCOMMIT[0m
  [1m[36mTRANSACTION (0.2ms)[0m  [1m[35mBEGIN[0m
  [1m[36mActivityLog Create (2.3ms)[0m  [1m[32mINSERT INTO "activity_logs" ("workspace_id", "lead_id", "user_id", "action", "metadata", "created_at", "updated_at") VALUES ($1, $2, $3, $4, $5, $6, $7) RETURNING "id"[0m  [["workspace_id", 2], ["lead_id", 47], ["user_id", 4], ["action", "lead_created"], ["metadata", "{\"source\":\"Google Ads\"}"], ["created_at", "2026-05-02 12:55:33.019829"], ["updated_at", "2026-05-02 12:55:33.019829"]]
  [1m[36mTRANSACTION (1.6ms)[0m  [1m[35mCOMMIT[0m
  [1m[36mTRANSACTION (0.3ms)[0m  [1m[35mBEGIN[0m
  [1m[36mActivityLog Create (2.5ms)[0m  [1m[32mINSERT INTO "activity_logs" ("workspace_id", "lead_id", "user_id", "action", "metadata", "created_at", "updated_at") VALUES ($1, $2, $3, $4, $5, $6, $7) RETURNING "id"[0m  [["workspace_id", 2], ["lead_id", 47], ["user_id", 4], ["action", "status_changed"], ["metadata", "{\"from\":\"New\",\"to\":\"Proposal Sent\"}"], ["created_at", "2026-05-02 12:55:33.027930"], ["updated_at", "2026-05-02 12:55:33.027930"]]
  [1m[36mTRANSACTION (1.5ms)[0m  [1m[35mCOMMIT[0m
  [1m[36mTRANSACTION (0.2ms)[0m  [1m[35mBEGIN[0m
  [1m[36mLead Create (2.4ms)[0m  [1m[32mINSERT INTO "leads" ("workspace_id", "assigned_to_id", "name", "email", "phone", "company_name", "source", "status", "estimated_value", "priority", "next_follow_up_at", "notes_summary", "created_at", "updated_at") VALUES ($1, $2, $3, $4, $5, $6, $7, $8, $9, $10, $11, $12, $13, $14) RETURNING "id"[0m  [["workspace_id", 2], ["assigned_to_id", 5], ["name", "Leo Brooks"], ["email", "lead23@example.com"], ["phone", "555-0122"], ["company_name", "Aster Agency"], ["source", "Website"], ["status", "Won"], ["estimated_value", "2400.0"], ["priority", "Medium"], ["next_follow_up_at", "2026-05-19 09:00:00"], ["notes_summary", "Needs a clear estimate, fast follow-up, and timeline confirmation."], ["created_at", "2026-05-02 12:55:33.036603"], ["updated_at", "2026-05-02 12:55:33.036603"]]
  [1m[36mTRANSACTION (1.5ms)[0m  [1m[35mCOMMIT[0m
  [1m[36mTRANSACTION (0.2ms)[0m  [1m[35mBEGIN[0m
  [1m[36mActivityLog Create (2.6ms)[0m  [1m[32mINSERT INTO "activity_logs" ("workspace_id", "lead_id", "user_id", "action", "metadata", "created_at", "updated_at") VALUES ($1, $2, $3, $4, $5, $6, $7) RETURNING "id"[0m  [["workspace_id", 2], ["lead_id", 48], ["user_id", 5], ["action", "lead_created"], ["metadata", "{\"source\":\"Website\"}"], ["created_at", "2026-05-02 12:55:33.045083"], ["updated_at", "2026-05-02 12:55:33.045083"]]
  [1m[36mTRANSACTION (1.5ms)[0m  [1m[35mCOMMIT[0m
  [1m[36mTRANSACTION (0.2ms)[0m  [1m[35mBEGIN[0m
  [1m[36mNote Create (2.4ms)[0m  [1m[32mINSERT INTO "notes" ("lead_id", "user_id", "body", "created_at", "updated_at") VALUES ($1, $2, $3, $4, $5) RETURNING "id"[0m  [["lead_id", 48], ["user_id", 5], ["body", "Discovery call completed. Client asked for pricing, availability, and insurance details."], ["created_at", "2026-05-02 12:55:33.053732"], ["updated_at", "2026-05-02 12:55:33.053732"]]
  [1m[36mTRANSACTION (1.5ms)[0m  [1m[35mCOMMIT[0m
  [1m[36mTRANSACTION (0.3ms)[0m  [1m[35mBEGIN[0m
  [1m[36mActivityLog Create (2.9ms)[0m  [1m[32mINSERT INTO "activity_logs" ("workspace_id", "lead_id", "user_id", "action", "metadata", "created_at", "updated_at") VALUES ($1, $2, $3, $4, $5, $6, $7) RETURNING "id"[0m  [["workspace_id", 2], ["lead_id", 48], ["user_id", 5], ["action", "note_added"], ["metadata", "{\"note_id\":25}"], ["created_at", "2026-05-02 12:55:33.062121"], ["updated_at", "2026-05-02 12:55:33.062121"]]
  [1m[36mTRANSACTION (1.5ms)[0m  [1m[35mCOMMIT[0m
  [1m[36mTRANSACTION (0.2ms)[0m  [1m[35mBEGIN[0m
  [1m[36mActivityLog Create (2.5ms)[0m  [1m[32mINSERT INTO "activity_logs" ("workspace_id", "lead_id", "user_id", "action", "metadata", "created_at", "updated_at") VALUES ($1, $2, $3, $4, $5, $6, $7) RETURNING "id"[0m  [["workspace_id", 2], ["lead_id", 48], ["user_id", 5], ["action", "status_changed"], ["metadata", "{\"from\":\"New\",\"to\":\"Won\"}"], ["created_at", "2026-05-02 12:55:33.070875"], ["updated_at", "2026-05-02 12:55:33.070875"]]
  [1m[36mTRANSACTION (1.5ms)[0m  [1m[35mCOMMIT[0m
  [1m[36mTRANSACTION (0.3ms)[0m  [1m[35mBEGIN[0m
  [1m[36mLead Create (2.6ms)[0m  [1m[32mINSERT INTO "leads" ("workspace_id", "assigned_to_id", "name", "email", "phone", "company_name", "source", "status", "estimated_value", "priority", "next_follow_up_at", "notes_summary", "created_at", "updated_at") VALUES ($1, $2, $3, $4, $5, $6, $7, $8, $9, $10, $11, $12, $13, $14) RETURNING "id"[0m  [["workspace_id", 2], ["assigned_to_id", 6], ["name", "Priya Shah"], ["email", "lead24@example.com"], ["phone", "555-0123"], ["company_name", "Lakeside Market"], ["source", "Referral"], ["status", "Lost"], ["estimated_value", "3900.0"], ["priority", "High"], ["next_follow_up_at", "2026-05-20 11:00:00"], ["notes_summary", "Needs a clear estimate, fast follow-up, and timeline confirmation."], ["created_at", "2026-05-02 12:55:33.079768"], ["updated_at", "2026-05-02 12:55:33.079768"]]
  [1m[36mTRANSACTION (1.4ms)[0m  [1m[35mCOMMIT[0m
  [1m[36mTRANSACTION (0.3ms)[0m  [1m[35mBEGIN[0m
  [1m[36mActivityLog Create (2.8ms)[0m  [1m[32mINSERT INTO "activity_logs" ("workspace_id", "lead_id", "user_id", "action", "metadata", "created_at", "updated_at") VALUES ($1, $2, $3, $4, $5, $6, $7) RETURNING "id"[0m  [["workspace_id", 2], ["lead_id", 49], ["user_id", 6], ["action", "lead_created"], ["metadata", "{\"source\":\"Referral\"}"], ["created_at", "2026-05-02 12:55:33.088428"], ["updated_at", "2026-05-02 12:55:33.088428"]]
  [1m[36mTRANSACTION (1.6ms)[0m  [1m[35mCOMMIT[0m
  [1m[36mTRANSACTION (0.3ms)[0m  [1m[35mBEGIN[0m
  [1m[36mActivityLog Create (2.9ms)[0m  [1m[32mINSERT INTO "activity_logs" ("workspace_id", "lead_id", "user_id", "action", "metadata", "created_at", "updated_at") VALUES ($1, $2, $3, $4, $5, $6, $7) RETURNING "id"[0m  [["workspace_id", 2], ["lead_id", 49], ["user_id", 6], ["action", "status_changed"], ["metadata", "{\"from\":\"New\",\"to\":\"Lost\"}"], ["created_at", "2026-05-02 12:55:33.097636"], ["updated_at", "2026-05-02 12:55:33.097636"]]
  [1m[36mTRANSACTION (1.5ms)[0m  [1m[35mCOMMIT[0m
  [1m[36mTRANSACTION (0.3ms)[0m  [1m[35mBEGIN[0m
  [1m[36mLead Create (2.8ms)[0m  [1m[32mINSERT INTO "leads" ("workspace_id", "assigned_to_id", "name", "email", "phone", "company_name", "source", "status", "estimated_value", "priority", "next_follow_up_at", "notes_summary", "created_at", "updated_at") VALUES ($1, $2, $3, $4, $5, $6, $7, $8, $9, $10, $11, $12, $13, $14) RETURNING "id"[0m  [["workspace_id", 2], ["assigned_to_id", 4], ["name", "Priya Shah"], ["email", "lead25@example.com"], ["phone", "555-0124"], ["company_name", "Horizon Offices"], ["source", "Facebook"], ["status", "New"], ["estimated_value", "5200.0"], ["priority", "Low"], ["next_follow_up_at", "2026-05-21 14:00:00"], ["notes_summary", "Needs a clear estimate, fast follow-up, and timeline confirmation."], ["created_at", "2026-05-02 12:55:33.107013"], ["updated_at", "2026-05-02 12:55:33.107013"]]
  [1m[36mTRANSACTION (1.6ms)[0m  [1m[35mCOMMIT[0m
  [1m[36mTRANSACTION (0.3ms)[0m  [1m[35mBEGIN[0m
  [1m[36mActivityLog Create (2.5ms)[0m  [1m[32mINSERT INTO "activity_logs" ("workspace_id", "lead_id", "user_id", "action", "metadata", "created_at", "updated_at") VALUES ($1, $2, $3, $4, $5, $6, $7) RETURNING "id"[0m  [["workspace_id", 2], ["lead_id", 50], ["user_id", 4], ["action", "lead_created"], ["metadata", "{\"source\":\"Facebook\"}"], ["created_at", "2026-05-02 12:55:33.116166"], ["updated_at", "2026-05-02 12:55:33.116166"]]
  [1m[36mTRANSACTION (1.7ms)[0m  [1m[35mCOMMIT[0m
  [1m[36mTRANSACTION (0.3ms)[0m  [1m[35mBEGIN[0m
  [1m[36mNote Create (2.4ms)[0m  [1m[32mINSERT INTO "notes" ("lead_id", "user_id", "body", "created_at", "updated_at") VALUES ($1, $2, $3, $4, $5) RETURNING "id"[0m  [["lead_id", 50], ["user_id", 5], ["body", "Discovery call completed. Client asked for pricing, availability, and insurance details."], ["created_at", "2026-05-02 12:55:33.124642"], ["updated_at", "2026-05-02 12:55:33.124642"]]
  [1m[36mTRANSACTION (1.5ms)[0m  [1m[35mCOMMIT[0m
  [1m[36mTRANSACTION (0.2ms)[0m  [1m[35mBEGIN[0m
  [1m[36mActivityLog Create (2.6ms)[0m  [1m[32mINSERT INTO "activity_logs" ("workspace_id", "lead_id", "user_id", "action", "metadata", "created_at", "updated_at") VALUES ($1, $2, $3, $4, $5, $6, $7) RETURNING "id"[0m  [["workspace_id", 2], ["lead_id", 50], ["user_id", 5], ["action", "note_added"], ["metadata", "{\"note_id\":26}"], ["created_at", "2026-05-02 12:55:33.133390"], ["updated_at", "2026-05-02 12:55:33.133390"]]
  [1m[36mTRANSACTION (1.8ms)[0m  [1m[35mCOMMIT[0m
  [1m[36mWorkspace Count (0.7ms)[0m  [1m[34mSELECT COUNT(*) FROM "workspaces"[0m
  [1m[36mUser Count (0.4ms)[0m  [1m[34mSELECT COUNT(*) FROM "users"[0m
  [1m[36mLead Count (0.5ms)[0m  [1m[34mSELECT COUNT(*) FROM "leads"[0m
Started POST "/api/auth/login" for ::1 at 2026-05-02 17:55:43 +0500
  [1m[36mActiveRecord::SchemaMigration Load (1.5ms)[0m  [1m[34mSELECT "schema_migrations"."version" FROM "schema_migrations" ORDER BY "schema_migrations"."version" ASC[0m
Processing by Api::AuthController#login as HTML
  Parameters: {"auth"=>{}}
  [1m[36mUser Load (0.9ms)[0m  [1m[34mSELECT "users".* FROM "users" WHERE "users"."email" = $1 LIMIT $2[0m  [["email", ""], ["LIMIT", 1]]
  ↳ app/controllers/api/auth_controller.rb:20:in `login'
Completed 401 Unauthorized in 137ms (Views: 0.8ms | ActiveRecord: 10.0ms | Allocations: 42484)


Started POST "/api/auth/login" for ::1 at 2026-05-02 17:55:49 +0500
Processing by Api::AuthController#login as HTML
  Parameters: {"auth"=>{}}
  [1m[36mUser Load (0.5ms)[0m  [1m[34mSELECT "users".* FROM "users" WHERE "users"."email" = $1 LIMIT $2[0m  [["email", ""], ["LIMIT", 1]]
  ↳ app/controllers/api/auth_controller.rb:20:in `login'
Completed 401 Unauthorized in 10ms (Views: 0.3ms | ActiveRecord: 0.4ms | Allocations: 606)


Started POST "/api/auth/login" for ::1 at 2026-05-02 17:59:07 +0500
Processing by Api::AuthController#login as HTML
  Parameters: {"email"=>"admin@leadflowcrm.com", "password"=>"[FILTERED]", "auth"=>{"email"=>"admin@leadflowcrm.com", "password"=>"[FILTERED]"}}
  [1m[36mUser Load (1.0ms)[0m  [1m[34mSELECT "users".* FROM "users" WHERE "users"."email" = $1 LIMIT $2[0m  [["email", "admin@leadflowcrm.com"], ["LIMIT", 1]]
  ↳ app/controllers/api/auth_controller.rb:20:in `login'
  [1m[36mWorkspace Load (0.3ms)[0m  [1m[34mSELECT "workspaces".* FROM "workspaces" WHERE "workspaces"."id" = $1 LIMIT $2[0m  [["id", 2], ["LIMIT", 1]]
  ↳ app/controllers/api/auth_controller.rb:39:in `render_session'
Completed 200 OK in 367ms (Views: 0.6ms | ActiveRecord: 12.5ms | Allocations: 42885)


Started GET "/api/dashboard/summary" for ::1 at 2026-05-02 17:59:08 +0500
Processing by Api::DashboardController#summary as HTML
  [1m[36mUser Load (0.4ms)[0m  [1m[34mSELECT "users".* FROM "users" WHERE "users"."id" = $1 LIMIT $2[0m  [["id", 4], ["LIMIT", 1]]
  ↳ app/controllers/application_controller.rb:14:in `authenticate_user!'
  [1m[36mWorkspace Load (0.4ms)[0m  [1m[34mSELECT "workspaces".* FROM "workspaces" WHERE "workspaces"."id" = $1[0m  [["id", 2]]
  ↳ app/controllers/application_controller.rb:14:in `authenticate_user!'
  [1m[36mLead Count (1.4ms)[0m  [1m[34mSELECT COUNT(*) FROM "leads" WHERE "leads"."workspace_id" = $1[0m  [["workspace_id", 2]]
  ↳ app/controllers/api/dashboard_controller.rb:5:in `summary'
  [1m[36mLead Count (0.6ms)[0m  [1m[34mSELECT COUNT(*) FROM "leads" WHERE "leads"."workspace_id" = $1 AND "leads"."status" = $2[0m  [["workspace_id", 2], ["status", "Won"]]
  ↳ app/controllers/api/dashboard_controller.rb:6:in `summary'
  [1m[36mLead Count (0.9ms)[0m  [1m[34mSELECT COUNT(*) FROM "leads" WHERE "leads"."workspace_id" = $1 AND "leads"."status" = $2[0m  [["workspace_id", 2], ["status", "Lost"]]
  ↳ app/controllers/api/dashboard_controller.rb:7:in `summary'
  [1m[36mLead Sum (2.1ms)[0m  [1m[34mSELECT SUM("leads"."estimated_value") FROM "leads" WHERE "leads"."workspace_id" = $1 AND "leads"."status" NOT IN ($2, $3)[0m  [["workspace_id", 2], ["status", "Won"], ["status", "Lost"]]
  ↳ app/controllers/api/dashboard_controller.rb:8:in `summary'
  [1m[36mLead Count (0.6ms)[0m  [1m[34mSELECT COUNT(*) FROM "leads" WHERE "leads"."workspace_id" = $1 AND "leads"."status" = $2[0m  [["workspace_id", 2], ["status", "New"]]
  ↳ app/controllers/api/dashboard_controller.rb:13:in `summary'
  [1m[36mLead Count (1.0ms)[0m  [1m[34mSELECT COUNT(*) FROM "leads" WHERE "leads"."workspace_id" = $1 AND "leads"."next_follow_up_at" BETWEEN $2 AND $3[0m  [["workspace_id", 2], ["next_follow_up_at", "2026-05-02 12:59:08.267241"], ["next_follow_up_at", "2026-05-09 12:59:08.267278"]]
  ↳ app/controllers/api/dashboard_controller.rb:18:in `summary'
  [1m[36mCACHE Lead Count (0.0ms)[0m  [1m[34mSELECT COUNT(*) FROM "leads" WHERE "leads"."workspace_id" = $1 AND "leads"."status" = $2[0m  [["workspace_id", 2], ["status", "New"]]
  ↳ app/controllers/api/dashboard_controller.rb:20:in `block in summary'
  [1m[36mLead Count (0.6ms)[0m  [1m[34mSELECT COUNT(*) FROM "leads" WHERE "leads"."workspace_id" = $1 AND "leads"."status" = $2[0m  [["workspace_id", 2], ["status", "Contacted"]]
  ↳ app/controllers/api/dashboard_controller.rb:20:in `block in summary'
  [1m[36mLead Count (0.6ms)[0m  [1m[34mSELECT COUNT(*) FROM "leads" WHERE "leads"."workspace_id" = $1 AND "leads"."status" = $2[0m  [["workspace_id", 2], ["status", "Qualified"]]
  ↳ app/controllers/api/dashboard_controller.rb:20:in `block in summary'
  [1m[36mLead Count (0.5ms)[0m  [1m[34mSELECT COUNT(*) FROM "leads" WHERE "leads"."workspace_id" = $1 AND "leads"."status" = $2[0m  [["workspace_id", 2], ["status", "Proposal Sent"]]
  ↳ app/controllers/api/dashboard_controller.rb:20:in `block in summary'
  [1m[36mCACHE Lead Count (0.0ms)[0m  [1m[34mSELECT COUNT(*) FROM "leads" WHERE "leads"."workspace_id" = $1 AND "leads"."status" = $2[0m  [["workspace_id", 2], ["status", "Won"]]
  ↳ app/controllers/api/dashboard_controller.rb:20:in `block in summary'
  [1m[36mCACHE Lead Count (0.0ms)[0m  [1m[34mSELECT COUNT(*) FROM "leads" WHERE "leads"."workspace_id" = $1 AND "leads"."status" = $2[0m  [["workspace_id", 2], ["status", "Lost"]]
  ↳ app/controllers/api/dashboard_controller.rb:20:in `block in summary'
  [1m[36mLead Count (0.5ms)[0m  [1m[34mSELECT COUNT(*) FROM "leads" WHERE "leads"."workspace_id" = $1 AND "leads"."created_at" BETWEEN $2 AND $3[0m  [["workspace_id", 2], ["created_at", "2025-11-01 00:00:00"], ["created_at", "2025-11-30 23:59:59.999999"]]
  ↳ app/controllers/api/dashboard_controller.rb:39:in `block in monthly_leads'
  [1m[36mLead Count (0.5ms)[0m  [1m[34mSELECT COUNT(*) FROM "leads" WHERE "leads"."workspace_id" = $1 AND "leads"."created_at" BETWEEN $2 AND $3[0m  [["workspace_id", 2], ["created_at", "2025-12-01 00:00:00"], ["created_at", "2025-12-31 23:59:59.999999"]]
  ↳ app/controllers/api/dashboard_controller.rb:39:in `block in monthly_leads'
  [1m[36mLead Count (0.5ms)[0m  [1m[34mSELECT COUNT(*) FROM "leads" WHERE "leads"."workspace_id" = $1 AND "leads"."created_at" BETWEEN $2 AND $3[0m  [["workspace_id", 2], ["created_at", "2026-01-01 00:00:00"], ["created_at", "2026-01-31 23:59:59.999999"]]
  ↳ app/controllers/api/dashboard_controller.rb:39:in `block in monthly_leads'
  [1m[36mLead Count (0.5ms)[0m  [1m[34mSELECT COUNT(*) FROM "leads" WHERE "leads"."workspace_id" = $1 AND "leads"."created_at" BETWEEN $2 AND $3[0m  [["workspace_id", 2], ["created_at", "2026-02-01 00:00:00"], ["created_at", "2026-02-28 23:59:59.999999"]]
  ↳ app/controllers/api/dashboard_controller.rb:39:in `block in monthly_leads'
  [1m[36mLead Count (0.7ms)[0m  [1m[34mSELECT COUNT(*) FROM "leads" WHERE "leads"."workspace_id" = $1 AND "leads"."created_at" BETWEEN $2 AND $3[0m  [["workspace_id", 2], ["created_at", "2026-03-01 00:00:00"], ["created_at", "2026-03-31 23:59:59.999999"]]
  ↳ app/controllers/api/dashboard_controller.rb:39:in `block in monthly_leads'
  [1m[36mLead Count (0.6ms)[0m  [1m[34mSELECT COUNT(*) FROM "leads" WHERE "leads"."workspace_id" = $1 AND "leads"."created_at" BETWEEN $2 AND $3[0m  [["workspace_id", 2], ["created_at", "2026-04-01 00:00:00"], ["created_at", "2026-04-30 23:59:59.999999"]]
  ↳ app/controllers/api/dashboard_controller.rb:39:in `block in monthly_leads'
  [1m[36mLead Count (0.5ms)[0m  [1m[34mSELECT COUNT(*) FROM "leads" WHERE "leads"."workspace_id" = $1 AND "leads"."created_at" BETWEEN $2 AND $3[0m  [["workspace_id", 2], ["created_at", "2026-05-01 00:00:00"], ["created_at", "2026-05-31 23:59:59.999999"]]
  ↳ app/controllers/api/dashboard_controller.rb:39:in `block in monthly_leads'
  [1m[36mLead Load (0.6ms)[0m  [1m[34mSELECT "leads".* FROM "leads" WHERE "leads"."workspace_id" = $1 AND "leads"."next_follow_up_at" BETWEEN $2 AND $3 ORDER BY "leads"."next_follow_up_at" ASC LIMIT $4[0m  [["workspace_id", 2], ["next_follow_up_at", "2026-05-02 12:59:08.303787"], ["next_follow_up_at", "2026-05-16 12:59:08.303813"], ["LIMIT", 6]]
  ↳ app/controllers/api/dashboard_controller.rb:23:in `map'
  [1m[36mUser Load (1.7ms)[0m  [1m[34mSELECT "users".* FROM "users" WHERE "users"."id" IN ($1, $2, $3)[0m  [["id", 4], ["id", 5], ["id", 6]]
  ↳ app/controllers/api/dashboard_controller.rb:23:in `map'
  [1m[36mActivityLog Load (1.0ms)[0m  [1m[34mSELECT "activity_logs".* FROM "activity_logs" WHERE "activity_logs"."workspace_id" = $1 ORDER BY "activity_logs"."created_at" DESC LIMIT $2[0m  [["workspace_id", 2], ["LIMIT", 10]]
  ↳ app/controllers/api/dashboard_controller.rb:24:in `map'
  [1m[36mUser Load (0.7ms)[0m  [1m[34mSELECT "users".* FROM "users" WHERE "users"."id" IN ($1, $2, $3)[0m  [["id", 5], ["id", 4], ["id", 6]]
  ↳ app/controllers/api/dashboard_controller.rb:24:in `map'
  [1m[36mLead Load (0.6ms)[0m  [1m[34mSELECT "leads".* FROM "leads" WHERE "leads"."id" IN ($1, $2, $3, $4, $5)[0m  [["id", 50], ["id", 49], ["id", 48], ["id", 47], ["id", 46]]
  ↳ app/controllers/api/dashboard_controller.rb:24:in `map'
Completed 200 OK in 214ms (Views: 1.3ms | ActiveRecord: 26.2ms | Allocations: 73976)


Started GET "/api/dashboard/summary" for ::1 at 2026-05-02 17:59:08 +0500
Processing by Api::DashboardController#summary as HTML
  [1m[36mUser Load (0.4ms)[0m  [1m[34mSELECT "users".* FROM "users" WHERE "users"."id" = $1 LIMIT $2[0m  [["id", 4], ["LIMIT", 1]]
  ↳ app/controllers/application_controller.rb:14:in `authenticate_user!'
  [1m[36mWorkspace Load (0.4ms)[0m  [1m[34mSELECT "workspaces".* FROM "workspaces" WHERE "workspaces"."id" = $1[0m  [["id", 2]]
  ↳ app/controllers/application_controller.rb:14:in `authenticate_user!'
  [1m[36mLead Count (0.6ms)[0m  [1m[34mSELECT COUNT(*) FROM "leads" WHERE "leads"."workspace_id" = $1[0m  [["workspace_id", 2]]
  ↳ app/controllers/api/dashboard_controller.rb:5:in `summary'
  [1m[36mLead Count (0.5ms)[0m  [1m[34mSELECT COUNT(*) FROM "leads" WHERE "leads"."workspace_id" = $1 AND "leads"."status" = $2[0m  [["workspace_id", 2], ["status", "Won"]]
  ↳ app/controllers/api/dashboard_controller.rb:6:in `summary'
  [1m[36mLead Count (0.6ms)[0m  [1m[34mSELECT COUNT(*) FROM "leads" WHERE "leads"."workspace_id" = $1 AND "leads"."status" = $2[0m  [["workspace_id", 2], ["status", "Lost"]]
  ↳ app/controllers/api/dashboard_controller.rb:7:in `summary'
  [1m[36mLead Sum (0.7ms)[0m  [1m[34mSELECT SUM("leads"."estimated_value") FROM "leads" WHERE "leads"."workspace_id" = $1 AND "leads"."status" NOT IN ($2, $3)[0m  [["workspace_id", 2], ["status", "Won"], ["status", "Lost"]]
  ↳ app/controllers/api/dashboard_controller.rb:8:in `summary'
  [1m[36mLead Count (0.6ms)[0m  [1m[34mSELECT COUNT(*) FROM "leads" WHERE "leads"."workspace_id" = $1 AND "leads"."status" = $2[0m  [["workspace_id", 2], ["status", "New"]]
  ↳ app/controllers/api/dashboard_controller.rb:13:in `summary'
  [1m[36mLead Count (0.7ms)[0m  [1m[34mSELECT COUNT(*) FROM "leads" WHERE "leads"."workspace_id" = $1 AND "leads"."next_follow_up_at" BETWEEN $2 AND $3[0m  [["workspace_id", 2], ["next_follow_up_at", "2026-05-02 12:59:08.444743"], ["next_follow_up_at", "2026-05-09 12:59:08.444784"]]
  ↳ app/controllers/api/dashboard_controller.rb:18:in `summary'
  [1m[36mCACHE Lead Count (0.0ms)[0m  [1m[34mSELECT COUNT(*) FROM "leads" WHERE "leads"."workspace_id" = $1 AND "leads"."status" = $2[0m  [["workspace_id", 2], ["status", "New"]]
  ↳ app/controllers/api/dashboard_controller.rb:20:in `block in summary'
  [1m[36mLead Count (0.7ms)[0m  [1m[34mSELECT COUNT(*) FROM "leads" WHERE "leads"."workspace_id" = $1 AND "leads"."status" = $2[0m  [["workspace_id", 2], ["status", "Contacted"]]
  ↳ app/controllers/api/dashboard_controller.rb:20:in `block in summary'
  [1m[36mLead Count (3.0ms)[0m  [1m[34mSELECT COUNT(*) FROM "leads" WHERE "leads"."workspace_id" = $1 AND "leads"."status" = $2[0m  [["workspace_id", 2], ["status", "Qualified"]]
  ↳ app/controllers/api/dashboard_controller.rb:20:in `block in summary'
  [1m[36mLead Count (0.8ms)[0m  [1m[34mSELECT COUNT(*) FROM "leads" WHERE "leads"."workspace_id" = $1 AND "leads"."status" = $2[0m  [["workspace_id", 2], ["status", "Proposal Sent"]]
  ↳ app/controllers/api/dashboard_controller.rb:20:in `block in summary'
  [1m[36mCACHE Lead Count (0.1ms)[0m  [1m[34mSELECT COUNT(*) FROM "leads" WHERE "leads"."workspace_id" = $1 AND "leads"."status" = $2[0m  [["workspace_id", 2], ["status", "Won"]]
  ↳ app/controllers/api/dashboard_controller.rb:20:in `block in summary'
  [1m[36mCACHE Lead Count (0.0ms)[0m  [1m[34mSELECT COUNT(*) FROM "leads" WHERE "leads"."workspace_id" = $1 AND "leads"."status" = $2[0m  [["workspace_id", 2], ["status", "Lost"]]
  ↳ app/controllers/api/dashboard_controller.rb:20:in `block in summary'
  [1m[36mLead Count (0.7ms)[0m  [1m[34mSELECT COUNT(*) FROM "leads" WHERE "leads"."workspace_id" = $1 AND "leads"."created_at" BETWEEN $2 AND $3[0m  [["workspace_id", 2], ["created_at", "2025-11-01 00:00:00"], ["created_at", "2025-11-30 23:59:59.999999"]]
  ↳ app/controllers/api/dashboard_controller.rb:39:in `block in monthly_leads'
  [1m[36mLead Count (0.8ms)[0m  [1m[34mSELECT COUNT(*) FROM "leads" WHERE "leads"."workspace_id" = $1 AND "leads"."created_at" BETWEEN $2 AND $3[0m  [["workspace_id", 2], ["created_at", "2025-12-01 00:00:00"], ["created_at", "2025-12-31 23:59:59.999999"]]
  ↳ app/controllers/api/dashboard_controller.rb:39:in `block in monthly_leads'
  [1m[36mLead Count (0.8ms)[0m  [1m[34mSELECT COUNT(*) FROM "leads" WHERE "leads"."workspace_id" = $1 AND "leads"."created_at" BETWEEN $2 AND $3[0m  [["workspace_id", 2], ["created_at", "2026-01-01 00:00:00"], ["created_at", "2026-01-31 23:59:59.999999"]]
  ↳ app/controllers/api/dashboard_controller.rb:39:in `block in monthly_leads'
  [1m[36mLead Count (0.6ms)[0m  [1m[34mSELECT COUNT(*) FROM "leads" WHERE "leads"."workspace_id" = $1 AND "leads"."created_at" BETWEEN $2 AND $3[0m  [["workspace_id", 2], ["created_at", "2026-02-01 00:00:00"], ["created_at", "2026-02-28 23:59:59.999999"]]
  ↳ app/controllers/api/dashboard_controller.rb:39:in `block in monthly_leads'
  [1m[36mLead Count (0.6ms)[0m  [1m[34mSELECT COUNT(*) FROM "leads" WHERE "leads"."workspace_id" = $1 AND "leads"."created_at" BETWEEN $2 AND $3[0m  [["workspace_id", 2], ["created_at", "2026-03-01 00:00:00"], ["created_at", "2026-03-31 23:59:59.999999"]]
  ↳ app/controllers/api/dashboard_controller.rb:39:in `block in monthly_leads'
  [1m[36mLead Count (0.6ms)[0m  [1m[34mSELECT COUNT(*) FROM "leads" WHERE "leads"."workspace_id" = $1 AND "leads"."created_at" BETWEEN $2 AND $3[0m  [["workspace_id", 2], ["created_at", "2026-04-01 00:00:00"], ["created_at", "2026-04-30 23:59:59.999999"]]
  ↳ app/controllers/api/dashboard_controller.rb:39:in `block in monthly_leads'
  [1m[36mLead Count (0.6ms)[0m  [1m[34mSELECT COUNT(*) FROM "leads" WHERE "leads"."workspace_id" = $1 AND "leads"."created_at" BETWEEN $2 AND $3[0m  [["workspace_id", 2], ["created_at", "2026-05-01 00:00:00"], ["created_at", "2026-05-31 23:59:59.999999"]]
  ↳ app/controllers/api/dashboard_controller.rb:39:in `block in monthly_leads'
  [1m[36mLead Load (0.6ms)[0m  [1m[34mSELECT "leads".* FROM "leads" WHERE "leads"."workspace_id" = $1 AND "leads"."next_follow_up_at" BETWEEN $2 AND $3 ORDER BY "leads"."next_follow_up_at" ASC LIMIT $4[0m  [["workspace_id", 2], ["next_follow_up_at", "2026-05-02 12:59:08.500563"], ["next_follow_up_at", "2026-05-16 12:59:08.500592"], ["LIMIT", 6]]
  ↳ app/controllers/api/dashboard_controller.rb:23:in `map'
  [1m[36mUser Load (0.7ms)[0m  [1m[34mSELECT "users".* FROM "users" WHERE "users"."id" IN ($1, $2, $3)[0m  [["id", 4], ["id", 5], ["id", 6]]
  ↳ app/controllers/api/dashboard_controller.rb:23:in `map'
  [1m[36mActivityLog Load (2.8ms)[0m  [1m[34mSELECT "activity_logs".* FROM "activity_logs" WHERE "activity_logs"."workspace_id" = $1 ORDER BY "activity_logs"."created_at" DESC LIMIT $2[0m  [["workspace_id", 2], ["LIMIT", 10]]
  ↳ app/controllers/api/dashboard_controller.rb:24:in `map'
  [1m[36mUser Load (0.6ms)[0m  [1m[34mSELECT "users".* FROM "users" WHERE "users"."id" IN ($1, $2, $3)[0m  [["id", 5], ["id", 4], ["id", 6]]
  ↳ app/controllers/api/dashboard_controller.rb:24:in `map'
  [1m[36mLead Load (0.6ms)[0m  [1m[34mSELECT "leads".* FROM "leads" WHERE "leads"."id" IN ($1, $2, $3, $4, $5)[0m  [["id", 50], ["id", 49], ["id", 48], ["id", 47], ["id", 46]]
  ↳ app/controllers/api/dashboard_controller.rb:24:in `map'
Completed 200 OK in 119ms (Views: 2.3ms | ActiveRecord: 18.8ms | Allocations: 19009)


Started GET "/api/leads?q=" for ::1 at 2026-05-02 17:59:17 +0500
Processing by Api::LeadsController#index as HTML
  Parameters: {"q"=>""}
  [1m[36mUser Load (0.4ms)[0m  [1m[34mSELECT "users".* FROM "users" WHERE "users"."id" = $1 LIMIT $2[0m  [["id", 4], ["LIMIT", 1]]
  ↳ app/controllers/application_controller.rb:14:in `authenticate_user!'
  [1m[36mWorkspace Load (0.3ms)[0m  [1m[34mSELECT "workspaces".* FROM "workspaces" WHERE "workspaces"."id" = $1[0m  [["id", 2]]
  ↳ app/controllers/application_controller.rb:14:in `authenticate_user!'
  [1m[36mLead Load (0.7ms)[0m  [1m[34mSELECT "leads".* FROM "leads" WHERE "leads"."workspace_id" = $1 ORDER BY "leads"."created_at" DESC[0m  [["workspace_id", 2]]
  ↳ app/controllers/api/leads_controller.rb:13:in `map'
  [1m[36mUser Load (0.6ms)[0m  [1m[34mSELECT "users".* FROM "users" WHERE "users"."id" IN ($1, $2, $3)[0m  [["id", 4], ["id", 6], ["id", 5]]
  ↳ app/controllers/api/leads_controller.rb:13:in `map'
Completed 200 OK in 24ms (Views: 2.7ms | ActiveRecord: 2.0ms | Allocations: 5714)


Started GET "/api/leads?q=" for ::1 at 2026-05-02 17:59:17 +0500
Processing by Api::LeadsController#index as HTML
  Parameters: {"q"=>""}
  [1m[36mUser Load (0.4ms)[0m  [1m[34mSELECT "users".* FROM "users" WHERE "users"."id" = $1 LIMIT $2[0m  [["id", 4], ["LIMIT", 1]]
  ↳ app/controllers/application_controller.rb:14:in `authenticate_user!'
  [1m[36mWorkspace Load (0.3ms)[0m  [1m[34mSELECT "workspaces".* FROM "workspaces" WHERE "workspaces"."id" = $1[0m  [["id", 2]]
  ↳ app/controllers/application_controller.rb:14:in `authenticate_user!'
  [1m[36mLead Load (0.5ms)[0m  [1m[34mSELECT "leads".* FROM "leads" WHERE "leads"."workspace_id" = $1 ORDER BY "leads"."created_at" DESC[0m  [["workspace_id", 2]]
  ↳ app/controllers/api/leads_controller.rb:13:in `map'
  [1m[36mUser Load (0.5ms)[0m  [1m[34mSELECT "users".* FROM "users" WHERE "users"."id" IN ($1, $2, $3)[0m  [["id", 4], ["id", 6], ["id", 5]]
  ↳ app/controllers/api/leads_controller.rb:13:in `map'
Completed 200 OK in 25ms (Views: 2.6ms | ActiveRecord: 1.7ms | Allocations: 5578)


Started GET "/api/leads" for ::1 at 2026-05-02 17:59:18 +0500
Processing by Api::LeadsController#index as HTML
  [1m[36mUser Load (0.5ms)[0m  [1m[34mSELECT "users".* FROM "users" WHERE "users"."id" = $1 LIMIT $2[0m  [["id", 4], ["LIMIT", 1]]
  ↳ app/controllers/application_controller.rb:14:in `authenticate_user!'
  [1m[36mWorkspace Load (0.5ms)[0m  [1m[34mSELECT "workspaces".* FROM "workspaces" WHERE "workspaces"."id" = $1[0m  [["id", 2]]
  ↳ app/controllers/application_controller.rb:14:in `authenticate_user!'
  [1m[36mLead Load (0.7ms)[0m  [1m[34mSELECT "leads".* FROM "leads" WHERE "leads"."workspace_id" = $1 ORDER BY "leads"."created_at" DESC[0m  [["workspace_id", 2]]
  ↳ app/controllers/api/leads_controller.rb:13:in `map'
  [1m[36mUser Load (0.5ms)[0m  [1m[34mSELECT "users".* FROM "users" WHERE "users"."id" IN ($1, $2, $3)[0m  [["id", 4], ["id", 6], ["id", 5]]
  ↳ app/controllers/api/leads_controller.rb:13:in `map'
Completed 200 OK in 47ms (Views: 24.5ms | ActiveRecord: 2.1ms | Allocations: 5580)


Started GET "/api/leads" for ::1 at 2026-05-02 17:59:18 +0500
Processing by Api::LeadsController#index as HTML
  [1m[36mUser Load (0.9ms)[0m  [1m[34mSELECT "users".* FROM "users" WHERE "users"."id" = $1 LIMIT $2[0m  [["id", 4], ["LIMIT", 1]]
  ↳ app/controllers/application_controller.rb:14:in `authenticate_user!'
  [1m[36mWorkspace Load (0.5ms)[0m  [1m[34mSELECT "workspaces".* FROM "workspaces" WHERE "workspaces"."id" = $1[0m  [["id", 2]]
  ↳ app/controllers/application_controller.rb:14:in `authenticate_user!'
  [1m[36mLead Load (0.7ms)[0m  [1m[34mSELECT "leads".* FROM "leads" WHERE "leads"."workspace_id" = $1 ORDER BY "leads"."created_at" DESC[0m  [["workspace_id", 2]]
  ↳ app/controllers/api/leads_controller.rb:13:in `map'
  [1m[36mUser Load (0.5ms)[0m  [1m[34mSELECT "users".* FROM "users" WHERE "users"."id" IN ($1, $2, $3)[0m  [["id", 4], ["id", 6], ["id", 5]]
  ↳ app/controllers/api/leads_controller.rb:13:in `map'
Completed 200 OK in 85ms (Views: 2.5ms | ActiveRecord: 2.5ms | Allocations: 5578)


Started GET "/api/team" for ::1 at 2026-05-02 17:59:19 +0500
Processing by Api::TeamController#index as HTML
  [1m[36mUser Load (0.3ms)[0m  [1m[34mSELECT "users".* FROM "users" WHERE "users"."id" = $1 LIMIT $2[0m  [["id", 4], ["LIMIT", 1]]
  ↳ app/controllers/application_controller.rb:14:in `authenticate_user!'
  [1m[36mWorkspace Load (0.3ms)[0m  [1m[34mSELECT "workspaces".* FROM "workspaces" WHERE "workspaces"."id" = $1[0m  [["id", 2]]
  ↳ app/controllers/application_controller.rb:14:in `authenticate_user!'
  [1m[36mUser Load (0.6ms)[0m  [1m[34mSELECT "users".* FROM "users" WHERE "users"."workspace_id" = $1 ORDER BY "users"."role" ASC, "users"."name" ASC[0m  [["workspace_id", 2]]
  ↳ app/controllers/api/team_controller.rb:6:in `map'
Completed 200 OK in 13ms (Views: 0.3ms | ActiveRecord: 1.1ms | Allocations: 2729)


Started GET "/api/team" for ::1 at 2026-05-02 17:59:19 +0500
Processing by Api::TeamController#index as HTML
  [1m[36mUser Load (0.3ms)[0m  [1m[34mSELECT "users".* FROM "users" WHERE "users"."id" = $1 LIMIT $2[0m  [["id", 4], ["LIMIT", 1]]
  ↳ app/controllers/application_controller.rb:14:in `authenticate_user!'
  [1m[36mWorkspace Load (0.3ms)[0m  [1m[34mSELECT "workspaces".* FROM "workspaces" WHERE "workspaces"."id" = $1[0m  [["id", 2]]
  ↳ app/controllers/application_controller.rb:14:in `authenticate_user!'
  [1m[36mUser Load (0.5ms)[0m  [1m[34mSELECT "users".* FROM "users" WHERE "users"."workspace_id" = $1 ORDER BY "users"."role" ASC, "users"."name" ASC[0m  [["workspace_id", 2]]
  ↳ app/controllers/api/team_controller.rb:6:in `map'
Completed 200 OK in 11ms (Views: 0.4ms | ActiveRecord: 1.0ms | Allocations: 2478)


Started GET "/api/workspace" for ::1 at 2026-05-02 17:59:22 +0500
Processing by Api::WorkspacesController#show as HTML
  [1m[36mUser Load (0.4ms)[0m  [1m[34mSELECT "users".* FROM "users" WHERE "users"."id" = $1 LIMIT $2[0m  [["id", 4], ["LIMIT", 1]]
  ↳ app/controllers/application_controller.rb:14:in `authenticate_user!'
  [1m[36mWorkspace Load (0.3ms)[0m  [1m[34mSELECT "workspaces".* FROM "workspaces" WHERE "workspaces"."id" = $1[0m  [["id", 2]]
  ↳ app/controllers/application_controller.rb:14:in `authenticate_user!'
Completed 200 OK in 9ms (Views: 0.5ms | ActiveRecord: 0.7ms | Allocations: 1803)


Started GET "/api/workspace" for ::1 at 2026-05-02 17:59:22 +0500
Processing by Api::WorkspacesController#show as HTML
  [1m[36mUser Load (0.2ms)[0m  [1m[34mSELECT "users".* FROM "users" WHERE "users"."id" = $1 LIMIT $2[0m  [["id", 4], ["LIMIT", 1]]
  ↳ app/controllers/application_controller.rb:14:in `authenticate_user!'
  [1m[36mWorkspace Load (0.4ms)[0m  [1m[34mSELECT "workspaces".* FROM "workspaces" WHERE "workspaces"."id" = $1[0m  [["id", 2]]
  ↳ app/controllers/application_controller.rb:14:in `authenticate_user!'
Completed 200 OK in 7ms (Views: 0.6ms | ActiveRecord: 0.6ms | Allocations: 1708)


Started GET "/api/dashboard/summary" for ::1 at 2026-05-02 17:59:23 +0500
Processing by Api::DashboardController#summary as HTML
  [1m[36mUser Load (0.4ms)[0m  [1m[34mSELECT "users".* FROM "users" WHERE "users"."id" = $1 LIMIT $2[0m  [["id", 4], ["LIMIT", 1]]
  ↳ app/controllers/application_controller.rb:14:in `authenticate_user!'
  [1m[36mWorkspace Load (0.5ms)[0m  [1m[34mSELECT "workspaces".* FROM "workspaces" WHERE "workspaces"."id" = $1[0m  [["id", 2]]
  ↳ app/controllers/application_controller.rb:14:in `authenticate_user!'
  [1m[36mLead Count (0.6ms)[0m  [1m[34mSELECT COUNT(*) FROM "leads" WHERE "leads"."workspace_id" = $1[0m  [["workspace_id", 2]]
  ↳ app/controllers/api/dashboard_controller.rb:5:in `summary'
  [1m[36mLead Count (0.7ms)[0m  [1m[34mSELECT COUNT(*) FROM "leads" WHERE "leads"."workspace_id" = $1 AND "leads"."status" = $2[0m  [["workspace_id", 2], ["status", "Won"]]
  ↳ app/controllers/api/dashboard_controller.rb:6:in `summary'
  [1m[36mLead Count (0.7ms)[0m  [1m[34mSELECT COUNT(*) FROM "leads" WHERE "leads"."workspace_id" = $1 AND "leads"."status" = $2[0m  [["workspace_id", 2], ["status", "Lost"]]
  ↳ app/controllers/api/dashboard_controller.rb:7:in `summary'
  [1m[36mLead Sum (0.6ms)[0m  [1m[34mSELECT SUM("leads"."estimated_value") FROM "leads" WHERE "leads"."workspace_id" = $1 AND "leads"."status" NOT IN ($2, $3)[0m  [["workspace_id", 2], ["status", "Won"], ["status", "Lost"]]
  ↳ app/controllers/api/dashboard_controller.rb:8:in `summary'
  [1m[36mLead Count (1.8ms)[0m  [1m[34mSELECT COUNT(*) FROM "leads" WHERE "leads"."workspace_id" = $1 AND "leads"."status" = $2[0m  [["workspace_id", 2], ["status", "New"]]
  ↳ app/controllers/api/dashboard_controller.rb:13:in `summary'
  [1m[36mLead Count (0.6ms)[0m  [1m[34mSELECT COUNT(*) FROM "leads" WHERE "leads"."workspace_id" = $1 AND "leads"."next_follow_up_at" BETWEEN $2 AND $3[0m  [["workspace_id", 2], ["next_follow_up_at", "2026-05-02 12:59:23.376275"], ["next_follow_up_at", "2026-05-09 12:59:23.376302"]]
  ↳ app/controllers/api/dashboard_controller.rb:18:in `summary'
  [1m[36mCACHE Lead Count (0.0ms)[0m  [1m[34mSELECT COUNT(*) FROM "leads" WHERE "leads"."workspace_id" = $1 AND "leads"."status" = $2[0m  [["workspace_id", 2], ["status", "New"]]
  ↳ app/controllers/api/dashboard_controller.rb:20:in `block in summary'
  [1m[36mLead Count (0.6ms)[0m  [1m[34mSELECT COUNT(*) FROM "leads" WHERE "leads"."workspace_id" = $1 AND "leads"."status" = $2[0m  [["workspace_id", 2], ["status", "Contacted"]]
  ↳ app/controllers/api/dashboard_controller.rb:20:in `block in summary'
  [1m[36mLead Count (0.6ms)[0m  [1m[34mSELECT COUNT(*) FROM "leads" WHERE "leads"."workspace_id" = $1 AND "leads"."status" = $2[0m  [["workspace_id", 2], ["status", "Qualified"]]
  ↳ app/controllers/api/dashboard_controller.rb:20:in `block in summary'
  [1m[36mLead Count (0.6ms)[0m  [1m[34mSELECT COUNT(*) FROM "leads" WHERE "leads"."workspace_id" = $1 AND "leads"."status" = $2[0m  [["workspace_id", 2], ["status", "Proposal Sent"]]
  ↳ app/controllers/api/dashboard_controller.rb:20:in `block in summary'
  [1m[36mCACHE Lead Count (0.0ms)[0m  [1m[34mSELECT COUNT(*) FROM "leads" WHERE "leads"."workspace_id" = $1 AND "leads"."status" = $2[0m  [["workspace_id", 2], ["status", "Won"]]
  ↳ app/controllers/api/dashboard_controller.rb:20:in `block in summary'
  [1m[36mCACHE Lead Count (0.0ms)[0m  [1m[34mSELECT COUNT(*) FROM "leads" WHERE "leads"."workspace_id" = $1 AND "leads"."status" = $2[0m  [["workspace_id", 2], ["status", "Lost"]]
  ↳ app/controllers/api/dashboard_controller.rb:20:in `block in summary'
  [1m[36mLead Count (0.5ms)[0m  [1m[34mSELECT COUNT(*) FROM "leads" WHERE "leads"."workspace_id" = $1 AND "leads"."created_at" BETWEEN $2 AND $3[0m  [["workspace_id", 2], ["created_at", "2025-11-01 00:00:00"], ["created_at", "2025-11-30 23:59:59.999999"]]
  ↳ app/controllers/api/dashboard_controller.rb:39:in `block in monthly_leads'
  [1m[36mLead Count (0.5ms)[0m  [1m[34mSELECT COUNT(*) FROM "leads" WHERE "leads"."workspace_id" = $1 AND "leads"."created_at" BETWEEN $2 AND $3[0m  [["workspace_id", 2], ["created_at", "2025-12-01 00:00:00"], ["created_at", "2025-12-31 23:59:59.999999"]]
  ↳ app/controllers/api/dashboard_controller.rb:39:in `block in monthly_leads'
  [1m[36mLead Count (0.5ms)[0m  [1m[34mSELECT COUNT(*) FROM "leads" WHERE "leads"."workspace_id" = $1 AND "leads"."created_at" BETWEEN $2 AND $3[0m  [["workspace_id", 2], ["created_at", "2026-01-01 00:00:00"], ["created_at", "2026-01-31 23:59:59.999999"]]
  ↳ app/controllers/api/dashboard_controller.rb:39:in `block in monthly_leads'
  [1m[36mLead Count (0.6ms)[0m  [1m[34mSELECT COUNT(*) FROM "leads" WHERE "leads"."workspace_id" = $1 AND "leads"."created_at" BETWEEN $2 AND $3[0m  [["workspace_id", 2], ["created_at", "2026-02-01 00:00:00"], ["created_at", "2026-02-28 23:59:59.999999"]]
  ↳ app/controllers/api/dashboard_controller.rb:39:in `block in monthly_leads'
  [1m[36mLead Count (0.7ms)[0m  [1m[34mSELECT COUNT(*) FROM "leads" WHERE "leads"."workspace_id" = $1 AND "leads"."created_at" BETWEEN $2 AND $3[0m  [["workspace_id", 2], ["created_at", "2026-03-01 00:00:00"], ["created_at", "2026-03-31 23:59:59.999999"]]
  ↳ app/controllers/api/dashboard_controller.rb:39:in `block in monthly_leads'
  [1m[36mLead Count (0.8ms)[0m  [1m[34mSELECT COUNT(*) FROM "leads" WHERE "leads"."workspace_id" = $1 AND "leads"."created_at" BETWEEN $2 AND $3[0m  [["workspace_id", 2], ["created_at", "2026-04-01 00:00:00"], ["created_at", "2026-04-30 23:59:59.999999"]]
  ↳ app/controllers/api/dashboard_controller.rb:39:in `block in monthly_leads'
  [1m[36mLead Count (0.5ms)[0m  [1m[34mSELECT COUNT(*) FROM "leads" WHERE "leads"."workspace_id" = $1 AND "leads"."created_at" BETWEEN $2 AND $3[0m  [["workspace_id", 2], ["created_at", "2026-05-01 00:00:00"], ["created_at", "2026-05-31 23:59:59.999999"]]
  ↳ app/controllers/api/dashboard_controller.rb:39:in `block in monthly_leads'
  [1m[36mLead Load (0.5ms)[0m  [1m[34mSELECT "leads".* FROM "leads" WHERE "leads"."workspace_id" = $1 AND "leads"."next_follow_up_at" BETWEEN $2 AND $3 ORDER BY "leads"."next_follow_up_at" ASC LIMIT $4[0m  [["workspace_id", 2], ["next_follow_up_at", "2026-05-02 12:59:23.410791"], ["next_follow_up_at", "2026-05-16 12:59:23.410810"], ["LIMIT", 6]]
  ↳ app/controllers/api/dashboard_controller.rb:23:in `map'
  [1m[36mUser Load (0.5ms)[0m  [1m[34mSELECT "users".* FROM "users" WHERE "users"."id" IN ($1, $2, $3)[0m  [["id", 4], ["id", 5], ["id", 6]]
  ↳ app/controllers/api/dashboard_controller.rb:23:in `map'
  [1m[36mActivityLog Load (0.5ms)[0m  [1m[34mSELECT "activity_logs".* FROM "activity_logs" WHERE "activity_logs"."workspace_id" = $1 ORDER BY "activity_logs"."created_at" DESC LIMIT $2[0m  [["workspace_id", 2], ["LIMIT", 10]]
  ↳ app/controllers/api/dashboard_controller.rb:24:in `map'
  [1m[36mUser Load (0.7ms)[0m  [1m[34mSELECT "users".* FROM "users" WHERE "users"."id" IN ($1, $2, $3)[0m  [["id", 5], ["id", 4], ["id", 6]]
  ↳ app/controllers/api/dashboard_controller.rb:24:in `map'
  [1m[36mLead Load (0.5ms)[0m  [1m[34mSELECT "leads".* FROM "leads" WHERE "leads"."id" IN ($1, $2, $3, $4, $5)[0m  [["id", 50], ["id", 49], ["id", 48], ["id", 47], ["id", 46]]
  ↳ app/controllers/api/dashboard_controller.rb:24:in `map'
Completed 200 OK in 76ms (Views: 1.5ms | ActiveRecord: 14.2ms | Allocations: 18991)


Started GET "/api/dashboard/summary" for ::1 at 2026-05-02 17:59:23 +0500
Processing by Api::DashboardController#summary as HTML
  [1m[36mUser Load (0.2ms)[0m  [1m[34mSELECT "users".* FROM "users" WHERE "users"."id" = $1 LIMIT $2[0m  [["id", 4], ["LIMIT", 1]]
  ↳ app/controllers/application_controller.rb:14:in `authenticate_user!'
  [1m[36mWorkspace Load (0.4ms)[0m  [1m[34mSELECT "workspaces".* FROM "workspaces" WHERE "workspaces"."id" = $1[0m  [["id", 2]]
  ↳ app/controllers/application_controller.rb:14:in `authenticate_user!'
  [1m[36mLead Count (0.6ms)[0m  [1m[34mSELECT COUNT(*) FROM "leads" WHERE "leads"."workspace_id" = $1[0m  [["workspace_id", 2]]
  ↳ app/controllers/api/dashboard_controller.rb:5:in `summary'
  [1m[36mLead Count (0.6ms)[0m  [1m[34mSELECT COUNT(*) FROM "leads" WHERE "leads"."workspace_id" = $1 AND "leads"."status" = $2[0m  [["workspace_id", 2], ["status", "Won"]]
  ↳ app/controllers/api/dashboard_controller.rb:6:in `summary'
  [1m[36mLead Count (0.9ms)[0m  [1m[34mSELECT COUNT(*) FROM "leads" WHERE "leads"."workspace_id" = $1 AND "leads"."status" = $2[0m  [["workspace_id", 2], ["status", "Lost"]]
  ↳ app/controllers/api/dashboard_controller.rb:7:in `summary'
  [1m[36mLead Sum (0.5ms)[0m  [1m[34mSELECT SUM("leads"."estimated_value") FROM "leads" WHERE "leads"."workspace_id" = $1 AND "leads"."status" NOT IN ($2, $3)[0m  [["workspace_id", 2], ["status", "Won"], ["status", "Lost"]]
  ↳ app/controllers/api/dashboard_controller.rb:8:in `summary'
  [1m[36mLead Count (0.5ms)[0m  [1m[34mSELECT COUNT(*) FROM "leads" WHERE "leads"."workspace_id" = $1 AND "leads"."status" = $2[0m  [["workspace_id", 2], ["status", "New"]]
  ↳ app/controllers/api/dashboard_controller.rb:13:in `summary'
  [1m[36mLead Count (2.3ms)[0m  [1m[34mSELECT COUNT(*) FROM "leads" WHERE "leads"."workspace_id" = $1 AND "leads"."next_follow_up_at" BETWEEN $2 AND $3[0m  [["workspace_id", 2], ["next_follow_up_at", "2026-05-02 12:59:23.465513"], ["next_follow_up_at", "2026-05-09 12:59:23.465547"]]
  ↳ app/controllers/api/dashboard_controller.rb:18:in `summary'
  [1m[36mCACHE Lead Count (0.0ms)[0m  [1m[34mSELECT COUNT(*) FROM "leads" WHERE "leads"."workspace_id" = $1 AND "leads"."status" = $2[0m  [["workspace_id", 2], ["status", "New"]]
  ↳ app/controllers/api/dashboard_controller.rb:20:in `block in summary'
  [1m[36mLead Count (0.6ms)[0m  [1m[34mSELECT COUNT(*) FROM "leads" WHERE "leads"."workspace_id" = $1 AND "leads"."status" = $2[0m  [["workspace_id", 2], ["status", "Contacted"]]
  ↳ app/controllers/api/dashboard_controller.rb:20:in `block in summary'
  [1m[36mLead Count (0.5ms)[0m  [1m[34mSELECT COUNT(*) FROM "leads" WHERE "leads"."workspace_id" = $1 AND "leads"."status" = $2[0m  [["workspace_id", 2], ["status", "Qualified"]]
  ↳ app/controllers/api/dashboard_controller.rb:20:in `block in summary'
  [1m[36mLead Count (0.8ms)[0m  [1m[34mSELECT COUNT(*) FROM "leads" WHERE "leads"."workspace_id" = $1 AND "leads"."status" = $2[0m  [["workspace_id", 2], ["status", "Proposal Sent"]]
  ↳ app/controllers/api/dashboard_controller.rb:20:in `block in summary'
  [1m[36mCACHE Lead Count (0.0ms)[0m  [1m[34mSELECT COUNT(*) FROM "leads" WHERE "leads"."workspace_id" = $1 AND "leads"."status" = $2[0m  [["workspace_id", 2], ["status", "Won"]]
  ↳ app/controllers/api/dashboard_controller.rb:20:in `block in summary'
  [1m[36mCACHE Lead Count (0.0ms)[0m  [1m[34mSELECT COUNT(*) FROM "leads" WHERE "leads"."workspace_id" = $1 AND "leads"."status" = $2[0m  [["workspace_id", 2], ["status", "Lost"]]
  ↳ app/controllers/api/dashboard_controller.rb:20:in `block in summary'
  [1m[36mLead Count (0.5ms)[0m  [1m[34mSELECT COUNT(*) FROM "leads" WHERE "leads"."workspace_id" = $1 AND "leads"."created_at" BETWEEN $2 AND $3[0m  [["workspace_id", 2], ["created_at", "2025-11-01 00:00:00"], ["created_at", "2025-11-30 23:59:59.999999"]]
  ↳ app/controllers/api/dashboard_controller.rb:39:in `block in monthly_leads'
  [1m[36mLead Count (1.2ms)[0m  [1m[34mSELECT COUNT(*) FROM "leads" WHERE "leads"."workspace_id" = $1 AND "leads"."created_at" BETWEEN $2 AND $3[0m  [["workspace_id", 2], ["created_at", "2025-12-01 00:00:00"], ["created_at", "2025-12-31 23:59:59.999999"]]
  ↳ app/controllers/api/dashboard_controller.rb:39:in `block in monthly_leads'
  [1m[36mLead Count (0.7ms)[0m  [1m[34mSELECT COUNT(*) FROM "leads" WHERE "leads"."workspace_id" = $1 AND "leads"."created_at" BETWEEN $2 AND $3[0m  [["workspace_id", 2], ["created_at", "2026-01-01 00:00:00"], ["created_at", "2026-01-31 23:59:59.999999"]]
  ↳ app/controllers/api/dashboard_controller.rb:39:in `block in monthly_leads'
  [1m[36mLead Count (0.6ms)[0m  [1m[34mSELECT COUNT(*) FROM "leads" WHERE "leads"."workspace_id" = $1 AND "leads"."created_at" BETWEEN $2 AND $3[0m  [["workspace_id", 2], ["created_at", "2026-02-01 00:00:00"], ["created_at", "2026-02-28 23:59:59.999999"]]
  ↳ app/controllers/api/dashboard_controller.rb:39:in `block in monthly_leads'
  [1m[36mLead Count (0.8ms)[0m  [1m[34mSELECT COUNT(*) FROM "leads" WHERE "leads"."workspace_id" = $1 AND "leads"."created_at" BETWEEN $2 AND $3[0m  [["workspace_id", 2], ["created_at", "2026-03-01 00:00:00"], ["created_at", "2026-03-31 23:59:59.999999"]]
  ↳ app/controllers/api/dashboard_controller.rb:39:in `block in monthly_leads'
  [1m[36mLead Count (0.5ms)[0m  [1m[34mSELECT COUNT(*) FROM "leads" WHERE "leads"."workspace_id" = $1 AND "leads"."created_at" BETWEEN $2 AND $3[0m  [["workspace_id", 2], ["created_at", "2026-04-01 00:00:00"], ["created_at", "2026-04-30 23:59:59.999999"]]
  ↳ app/controllers/api/dashboard_controller.rb:39:in `block in monthly_leads'
  [1m[36mLead Count (0.8ms)[0m  [1m[34mSELECT COUNT(*) FROM "leads" WHERE "leads"."workspace_id" = $1 AND "leads"."created_at" BETWEEN $2 AND $3[0m  [["workspace_id", 2], ["created_at", "2026-05-01 00:00:00"], ["created_at", "2026-05-31 23:59:59.999999"]]
  ↳ app/controllers/api/dashboard_controller.rb:39:in `block in monthly_leads'
  [1m[36mLead Load (0.5ms)[0m  [1m[34mSELECT "leads".* FROM "leads" WHERE "leads"."workspace_id" = $1 AND "leads"."next_follow_up_at" BETWEEN $2 AND $3 ORDER BY "leads"."next_follow_up_at" ASC LIMIT $4[0m  [["workspace_id", 2], ["next_follow_up_at", "2026-05-02 12:59:23.509771"], ["next_follow_up_at", "2026-05-16 12:59:23.509803"], ["LIMIT", 6]]
  ↳ app/controllers/api/dashboard_controller.rb:23:in `map'
  [1m[36mUser Load (0.5ms)[0m  [1m[34mSELECT "users".* FROM "users" WHERE "users"."id" IN ($1, $2, $3)[0m  [["id", 4], ["id", 5], ["id", 6]]
  ↳ app/controllers/api/dashboard_controller.rb:23:in `map'
  [1m[36mActivityLog Load (0.7ms)[0m  [1m[34mSELECT "activity_logs".* FROM "activity_logs" WHERE "activity_logs"."workspace_id" = $1 ORDER BY "activity_logs"."created_at" DESC LIMIT $2[0m  [["workspace_id", 2], ["LIMIT", 10]]
  ↳ app/controllers/api/dashboard_controller.rb:24:in `map'
  [1m[36mUser Load (0.6ms)[0m  [1m[34mSELECT "users".* FROM "users" WHERE "users"."id" IN ($1, $2, $3)[0m  [["id", 5], ["id", 4], ["id", 6]]
  ↳ app/controllers/api/dashboard_controller.rb:24:in `map'
  [1m[36mLead Load (0.5ms)[0m  [1m[34mSELECT "leads".* FROM "leads" WHERE "leads"."id" IN ($1, $2, $3, $4, $5)[0m  [["id", 50], ["id", 49], ["id", 48], ["id", 47], ["id", 46]]
  ↳ app/controllers/api/dashboard_controller.rb:24:in `map'
Completed 200 OK in 95ms (Views: 2.3ms | ActiveRecord: 15.4ms | Allocations: 18992)


Started GET "/api/auth/me" for ::1 at 2026-05-02 18:06:36 +0500
Processing by Api::AuthController#me as HTML
  [1m[36mUser Load (0.9ms)[0m  [1m[34mSELECT "users".* FROM "users" WHERE "users"."id" = $1 LIMIT $2[0m  [["id", 4], ["LIMIT", 1]]
  ↳ app/controllers/application_controller.rb:14:in `authenticate_user!'
  [1m[36mWorkspace Load (0.4ms)[0m  [1m[34mSELECT "workspaces".* FROM "workspaces" WHERE "workspaces"."id" = $1[0m  [["id", 2]]
  ↳ app/controllers/application_controller.rb:14:in `authenticate_user!'
Completed 200 OK in 65ms (Views: 0.3ms | ActiveRecord: 12.4ms | Allocations: 5175)


Started GET "/api/auth/me" for ::1 at 2026-05-02 18:06:36 +0500
Processing by Api::AuthController#me as HTML
  [1m[36mUser Load (0.3ms)[0m  [1m[34mSELECT "users".* FROM "users" WHERE "users"."id" = $1 LIMIT $2[0m  [["id", 4], ["LIMIT", 1]]
  ↳ app/controllers/application_controller.rb:14:in `authenticate_user!'
  [1m[36mWorkspace Load (0.9ms)[0m  [1m[34mSELECT "workspaces".* FROM "workspaces" WHERE "workspaces"."id" = $1[0m  [["id", 2]]
  ↳ app/controllers/application_controller.rb:14:in `authenticate_user!'
Completed 200 OK in 55ms (Views: 0.3ms | ActiveRecord: 1.1ms | Allocations: 1731)


Started GET "/api/dashboard/summary" for ::1 at 2026-05-02 18:06:36 +0500
Processing by Api::DashboardController#summary as HTML
  [1m[36mUser Load (0.3ms)[0m  [1m[34mSELECT "users".* FROM "users" WHERE "users"."id" = $1 LIMIT $2[0m  [["id", 4], ["LIMIT", 1]]
  ↳ app/controllers/application_controller.rb:14:in `authenticate_user!'
  [1m[36mWorkspace Load (0.3ms)[0m  [1m[34mSELECT "workspaces".* FROM "workspaces" WHERE "workspaces"."id" = $1[0m  [["id", 2]]
  ↳ app/controllers/application_controller.rb:14:in `authenticate_user!'
  [1m[36mLead Count (1.0ms)[0m  [1m[34mSELECT COUNT(*) FROM "leads" WHERE "leads"."workspace_id" = $1[0m  [["workspace_id", 2]]
  ↳ app/controllers/api/dashboard_controller.rb:5:in `summary'
  [1m[36mLead Count (1.5ms)[0m  [1m[34mSELECT COUNT(*) FROM "leads" WHERE "leads"."workspace_id" = $1 AND "leads"."status" = $2[0m  [["workspace_id", 2], ["status", "Won"]]
  ↳ app/controllers/api/dashboard_controller.rb:6:in `summary'
  [1m[36mLead Count (0.6ms)[0m  [1m[34mSELECT COUNT(*) FROM "leads" WHERE "leads"."workspace_id" = $1 AND "leads"."status" = $2[0m  [["workspace_id", 2], ["status", "Lost"]]
  ↳ app/controllers/api/dashboard_controller.rb:7:in `summary'
  [1m[36mLead Sum (1.2ms)[0m  [1m[34mSELECT SUM("leads"."estimated_value") FROM "leads" WHERE "leads"."workspace_id" = $1 AND "leads"."status" NOT IN ($2, $3)[0m  [["workspace_id", 2], ["status", "Won"], ["status", "Lost"]]
  ↳ app/controllers/api/dashboard_controller.rb:8:in `summary'
  [1m[36mLead Count (0.5ms)[0m  [1m[34mSELECT COUNT(*) FROM "leads" WHERE "leads"."workspace_id" = $1 AND "leads"."status" = $2[0m  [["workspace_id", 2], ["status", "New"]]
  ↳ app/controllers/api/dashboard_controller.rb:13:in `summary'
  [1m[36mLead Count (1.1ms)[0m  [1m[34mSELECT COUNT(*) FROM "leads" WHERE "leads"."workspace_id" = $1 AND "leads"."next_follow_up_at" BETWEEN $2 AND $3[0m  [["workspace_id", 2], ["next_follow_up_at", "2026-05-02 13:06:36.843371"], ["next_follow_up_at", "2026-05-09 13:06:36.843392"]]
  ↳ app/controllers/api/dashboard_controller.rb:18:in `summary'
  [1m[36mCACHE Lead Count (0.0ms)[0m  [1m[34mSELECT COUNT(*) FROM "leads" WHERE "leads"."workspace_id" = $1 AND "leads"."status" = $2[0m  [["workspace_id", 2], ["status", "New"]]
  ↳ app/controllers/api/dashboard_controller.rb:20:in `block in summary'
  [1m[36mLead Count (1.0ms)[0m  [1m[34mSELECT COUNT(*) FROM "leads" WHERE "leads"."workspace_id" = $1 AND "leads"."status" = $2[0m  [["workspace_id", 2], ["status", "Contacted"]]
  ↳ app/controllers/api/dashboard_controller.rb:20:in `block in summary'
  [1m[36mLead Count (0.6ms)[0m  [1m[34mSELECT COUNT(*) FROM "leads" WHERE "leads"."workspace_id" = $1 AND "leads"."status" = $2[0m  [["workspace_id", 2], ["status", "Qualified"]]
  ↳ app/controllers/api/dashboard_controller.rb:20:in `block in summary'
  [1m[36mLead Count (0.6ms)[0m  [1m[34mSELECT COUNT(*) FROM "leads" WHERE "leads"."workspace_id" = $1 AND "leads"."status" = $2[0m  [["workspace_id", 2], ["status", "Proposal Sent"]]
  ↳ app/controllers/api/dashboard_controller.rb:20:in `block in summary'
  [1m[36mCACHE Lead Count (0.0ms)[0m  [1m[34mSELECT COUNT(*) FROM "leads" WHERE "leads"."workspace_id" = $1 AND "leads"."status" = $2[0m  [["workspace_id", 2], ["status", "Won"]]
  ↳ app/controllers/api/dashboard_controller.rb:20:in `block in summary'
  [1m[36mCACHE Lead Count (0.0ms)[0m  [1m[34mSELECT COUNT(*) FROM "leads" WHERE "leads"."workspace_id" = $1 AND "leads"."status" = $2[0m  [["workspace_id", 2], ["status", "Lost"]]
  ↳ app/controllers/api/dashboard_controller.rb:20:in `block in summary'
  [1m[36mLead Count (0.7ms)[0m  [1m[34mSELECT COUNT(*) FROM "leads" WHERE "leads"."workspace_id" = $1 AND "leads"."created_at" BETWEEN $2 AND $3[0m  [["workspace_id", 2], ["created_at", "2025-11-01 00:00:00"], ["created_at", "2025-11-30 23:59:59.999999"]]
  ↳ app/controllers/api/dashboard_controller.rb:39:in `block in monthly_leads'
  [1m[36mLead Count (0.5ms)[0m  [1m[34mSELECT COUNT(*) FROM "leads" WHERE "leads"."workspace_id" = $1 AND "leads"."created_at" BETWEEN $2 AND $3[0m  [["workspace_id", 2], ["created_at", "2025-12-01 00:00:00"], ["created_at", "2025-12-31 23:59:59.999999"]]
  ↳ app/controllers/api/dashboard_controller.rb:39:in `block in monthly_leads'
  [1m[36mLead Count (1.9ms)[0m  [1m[34mSELECT COUNT(*) FROM "leads" WHERE "leads"."workspace_id" = $1 AND "leads"."created_at" BETWEEN $2 AND $3[0m  [["workspace_id", 2], ["created_at", "2026-01-01 00:00:00"], ["created_at", "2026-01-31 23:59:59.999999"]]
  ↳ app/controllers/api/dashboard_controller.rb:39:in `block in monthly_leads'
  [1m[36mLead Count (0.8ms)[0m  [1m[34mSELECT COUNT(*) FROM "leads" WHERE "leads"."workspace_id" = $1 AND "leads"."created_at" BETWEEN $2 AND $3[0m  [["workspace_id", 2], ["created_at", "2026-02-01 00:00:00"], ["created_at", "2026-02-28 23:59:59.999999"]]
  ↳ app/controllers/api/dashboard_controller.rb:39:in `block in monthly_leads'
  [1m[36mLead Count (0.8ms)[0m  [1m[34mSELECT COUNT(*) FROM "leads" WHERE "leads"."workspace_id" = $1 AND "leads"."created_at" BETWEEN $2 AND $3[0m  [["workspace_id", 2], ["created_at", "2026-03-01 00:00:00"], ["created_at", "2026-03-31 23:59:59.999999"]]
  ↳ app/controllers/api/dashboard_controller.rb:39:in `block in monthly_leads'
  [1m[36mLead Count (0.5ms)[0m  [1m[34mSELECT COUNT(*) FROM "leads" WHERE "leads"."workspace_id" = $1 AND "leads"."created_at" BETWEEN $2 AND $3[0m  [["workspace_id", 2], ["created_at", "2026-04-01 00:00:00"], ["created_at", "2026-04-30 23:59:59.999999"]]
  ↳ app/controllers/api/dashboard_controller.rb:39:in `block in monthly_leads'
  [1m[36mLead Count (0.5ms)[0m  [1m[34mSELECT COUNT(*) FROM "leads" WHERE "leads"."workspace_id" = $1 AND "leads"."created_at" BETWEEN $2 AND $3[0m  [["workspace_id", 2], ["created_at", "2026-05-01 00:00:00"], ["created_at", "2026-05-31 23:59:59.999999"]]
  ↳ app/controllers/api/dashboard_controller.rb:39:in `block in monthly_leads'
  [1m[36mLead Load (0.5ms)[0m  [1m[34mSELECT "leads".* FROM "leads" WHERE "leads"."workspace_id" = $1 AND "leads"."next_follow_up_at" BETWEEN $2 AND $3 ORDER BY "leads"."next_follow_up_at" ASC LIMIT $4[0m  [["workspace_id", 2], ["next_follow_up_at", "2026-05-02 13:06:36.890543"], ["next_follow_up_at", "2026-05-16 13:06:36.890561"], ["LIMIT", 6]]
  ↳ app/controllers/api/dashboard_controller.rb:23:in `map'
  [1m[36mUser Load (0.8ms)[0m  [1m[34mSELECT "users".* FROM "users" WHERE "users"."id" IN ($1, $2, $3)[0m  [["id", 4], ["id", 5], ["id", 6]]
  ↳ app/controllers/api/dashboard_controller.rb:23:in `map'
  [1m[36mActivityLog Load (0.7ms)[0m  [1m[34mSELECT "activity_logs".* FROM "activity_logs" WHERE "activity_logs"."workspace_id" = $1 ORDER BY "activity_logs"."created_at" DESC LIMIT $2[0m  [["workspace_id", 2], ["LIMIT", 10]]
  ↳ app/controllers/api/dashboard_controller.rb:24:in `map'
  [1m[36mUser Load (0.5ms)[0m  [1m[34mSELECT "users".* FROM "users" WHERE "users"."id" IN ($1, $2, $3)[0m  [["id", 5], ["id", 4], ["id", 6]]
  ↳ app/controllers/api/dashboard_controller.rb:24:in `map'
  [1m[36mLead Load (0.4ms)[0m  [1m[34mSELECT "leads".* FROM "leads" WHERE "leads"."id" IN ($1, $2, $3, $4, $5)[0m  [["id", 50], ["id", 49], ["id", 48], ["id", 47], ["id", 46]]
  ↳ app/controllers/api/dashboard_controller.rb:24:in `map'
Completed 200 OK in 95ms (Views: 2.6ms | ActiveRecord: 16.8ms | Allocations: 19129)


Started GET "/api/dashboard/summary" for ::1 at 2026-05-02 18:06:36 +0500
Processing by Api::DashboardController#summary as HTML
  [1m[36mUser Load (0.3ms)[0m  [1m[34mSELECT "users".* FROM "users" WHERE "users"."id" = $1 LIMIT $2[0m  [["id", 4], ["LIMIT", 1]]
  ↳ app/controllers/application_controller.rb:14:in `authenticate_user!'
  [1m[36mWorkspace Load (0.3ms)[0m  [1m[34mSELECT "workspaces".* FROM "workspaces" WHERE "workspaces"."id" = $1[0m  [["id", 2]]
  ↳ app/controllers/application_controller.rb:14:in `authenticate_user!'
  [1m[36mLead Count (2.1ms)[0m  [1m[34mSELECT COUNT(*) FROM "leads" WHERE "leads"."workspace_id" = $1[0m  [["workspace_id", 2]]
  ↳ app/controllers/api/dashboard_controller.rb:5:in `summary'
  [1m[36mLead Count (0.6ms)[0m  [1m[34mSELECT COUNT(*) FROM "leads" WHERE "leads"."workspace_id" = $1 AND "leads"."status" = $2[0m  [["workspace_id", 2], ["status", "Won"]]
  ↳ app/controllers/api/dashboard_controller.rb:6:in `summary'
  [1m[36mLead Count (1.0ms)[0m  [1m[34mSELECT COUNT(*) FROM "leads" WHERE "leads"."workspace_id" = $1 AND "leads"."status" = $2[0m  [["workspace_id", 2], ["status", "Lost"]]
  ↳ app/controllers/api/dashboard_controller.rb:7:in `summary'
  [1m[36mLead Sum (0.5ms)[0m  [1m[34mSELECT SUM("leads"."estimated_value") FROM "leads" WHERE "leads"."workspace_id" = $1 AND "leads"."status" NOT IN ($2, $3)[0m  [["workspace_id", 2], ["status", "Won"], ["status", "Lost"]]
  ↳ app/controllers/api/dashboard_controller.rb:8:in `summary'
  [1m[36mLead Count (0.8ms)[0m  [1m[34mSELECT COUNT(*) FROM "leads" WHERE "leads"."workspace_id" = $1 AND "leads"."status" = $2[0m  [["workspace_id", 2], ["status", "New"]]
  ↳ app/controllers/api/dashboard_controller.rb:13:in `summary'
  [1m[36mLead Count (0.6ms)[0m  [1m[34mSELECT COUNT(*) FROM "leads" WHERE "leads"."workspace_id" = $1 AND "leads"."next_follow_up_at" BETWEEN $2 AND $3[0m  [["workspace_id", 2], ["next_follow_up_at", "2026-05-02 13:06:36.944664"], ["next_follow_up_at", "2026-05-09 13:06:36.944693"]]
  ↳ app/controllers/api/dashboard_controller.rb:18:in `summary'
  [1m[36mCACHE Lead Count (0.3ms)[0m  [1m[34mSELECT COUNT(*) FROM "leads" WHERE "leads"."workspace_id" = $1 AND "leads"."status" = $2[0m  [["workspace_id", 2], ["status", "New"]]
  ↳ app/controllers/api/dashboard_controller.rb:20:in `block in summary'
  [1m[36mLead Count (0.5ms)[0m  [1m[34mSELECT COUNT(*) FROM "leads" WHERE "leads"."workspace_id" = $1 AND "leads"."status" = $2[0m  [["workspace_id", 2], ["status", "Contacted"]]
  ↳ app/controllers/api/dashboard_controller.rb:20:in `block in summary'
  [1m[36mLead Count (0.7ms)[0m  [1m[34mSELECT COUNT(*) FROM "leads" WHERE "leads"."workspace_id" = $1 AND "leads"."status" = $2[0m  [["workspace_id", 2], ["status", "Qualified"]]
  ↳ app/controllers/api/dashboard_controller.rb:20:in `block in summary'
  [1m[36mLead Count (0.7ms)[0m  [1m[34mSELECT COUNT(*) FROM "leads" WHERE "leads"."workspace_id" = $1 AND "leads"."status" = $2[0m  [["workspace_id", 2], ["status", "Proposal Sent"]]
  ↳ app/controllers/api/dashboard_controller.rb:20:in `block in summary'
  [1m[36mCACHE Lead Count (0.0ms)[0m  [1m[34mSELECT COUNT(*) FROM "leads" WHERE "leads"."workspace_id" = $1 AND "leads"."status" = $2[0m  [["workspace_id", 2], ["status", "Won"]]
  ↳ app/controllers/api/dashboard_controller.rb:20:in `block in summary'
  [1m[36mCACHE Lead Count (0.0ms)[0m  [1m[34mSELECT COUNT(*) FROM "leads" WHERE "leads"."workspace_id" = $1 AND "leads"."status" = $2[0m  [["workspace_id", 2], ["status", "Lost"]]
  ↳ app/controllers/api/dashboard_controller.rb:20:in `block in summary'
  [1m[36mLead Count (0.6ms)[0m  [1m[34mSELECT COUNT(*) FROM "leads" WHERE "leads"."workspace_id" = $1 AND "leads"."created_at" BETWEEN $2 AND $3[0m  [["workspace_id", 2], ["created_at", "2025-11-01 00:00:00"], ["created_at", "2025-11-30 23:59:59.999999"]]
  ↳ app/controllers/api/dashboard_controller.rb:39:in `block in monthly_leads'
  [1m[36mLead Count (0.6ms)[0m  [1m[34mSELECT COUNT(*) FROM "leads" WHERE "leads"."workspace_id" = $1 AND "leads"."created_at" BETWEEN $2 AND $3[0m  [["workspace_id", 2], ["created_at", "2025-12-01 00:00:00"], ["created_at", "2025-12-31 23:59:59.999999"]]
  ↳ app/controllers/api/dashboard_controller.rb:39:in `block in monthly_leads'
  [1m[36mLead Count (0.5ms)[0m  [1m[34mSELECT COUNT(*) FROM "leads" WHERE "leads"."workspace_id" = $1 AND "leads"."created_at" BETWEEN $2 AND $3[0m  [["workspace_id", 2], ["created_at", "2026-01-01 00:00:00"], ["created_at", "2026-01-31 23:59:59.999999"]]
  ↳ app/controllers/api/dashboard_controller.rb:39:in `block in monthly_leads'
  [1m[36mLead Count (0.7ms)[0m  [1m[34mSELECT COUNT(*) FROM "leads" WHERE "leads"."workspace_id" = $1 AND "leads"."created_at" BETWEEN $2 AND $3[0m  [["workspace_id", 2], ["created_at", "2026-02-01 00:00:00"], ["created_at", "2026-02-28 23:59:59.999999"]]
  ↳ app/controllers/api/dashboard_controller.rb:39:in `block in monthly_leads'
  [1m[36mLead Count (0.5ms)[0m  [1m[34mSELECT COUNT(*) FROM "leads" WHERE "leads"."workspace_id" = $1 AND "leads"."created_at" BETWEEN $2 AND $3[0m  [["workspace_id", 2], ["created_at", "2026-03-01 00:00:00"], ["created_at", "2026-03-31 23:59:59.999999"]]
  ↳ app/controllers/api/dashboard_controller.rb:39:in `block in monthly_leads'
  [1m[36mLead Count (0.5ms)[0m  [1m[34mSELECT COUNT(*) FROM "leads" WHERE "leads"."workspace_id" = $1 AND "leads"."created_at" BETWEEN $2 AND $3[0m  [["workspace_id", 2], ["created_at", "2026-04-01 00:00:00"], ["created_at", "2026-04-30 23:59:59.999999"]]
  ↳ app/controllers/api/dashboard_controller.rb:39:in `block in monthly_leads'
  [1m[36mLead Count (1.8ms)[0m  [1m[34mSELECT COUNT(*) FROM "leads" WHERE "leads"."workspace_id" = $1 AND "leads"."created_at" BETWEEN $2 AND $3[0m  [["workspace_id", 2], ["created_at", "2026-05-01 00:00:00"], ["created_at", "2026-05-31 23:59:59.999999"]]
  ↳ app/controllers/api/dashboard_controller.rb:39:in `block in monthly_leads'
  [1m[36mLead Load (0.8ms)[0m  [1m[34mSELECT "leads".* FROM "leads" WHERE "leads"."workspace_id" = $1 AND "leads"."next_follow_up_at" BETWEEN $2 AND $3 ORDER BY "leads"."next_follow_up_at" ASC LIMIT $4[0m  [["workspace_id", 2], ["next_follow_up_at", "2026-05-02 13:06:36.991442"], ["next_follow_up_at", "2026-05-16 13:06:36.991472"], ["LIMIT", 6]]
  ↳ app/controllers/api/dashboard_controller.rb:23:in `map'
  [1m[36mUser Load (0.5ms)[0m  [1m[34mSELECT "users".* FROM "users" WHERE "users"."id" IN ($1, $2, $3)[0m  [["id", 4], ["id", 5], ["id", 6]]
  ↳ app/controllers/api/dashboard_controller.rb:23:in `map'
  [1m[36mActivityLog Load (0.5ms)[0m  [1m[34mSELECT "activity_logs".* FROM "activity_logs" WHERE "activity_logs"."workspace_id" = $1 ORDER BY "activity_logs"."created_at" DESC LIMIT $2[0m  [["workspace_id", 2], ["LIMIT", 10]]
  ↳ app/controllers/api/dashboard_controller.rb:24:in `map'
  [1m[36mUser Load (0.6ms)[0m  [1m[34mSELECT "users".* FROM "users" WHERE "users"."id" IN ($1, $2, $3)[0m  [["id", 5], ["id", 4], ["id", 6]]
  ↳ app/controllers/api/dashboard_controller.rb:24:in `map'
  [1m[36mLead Load (0.5ms)[0m  [1m[34mSELECT "leads".* FROM "leads" WHERE "leads"."id" IN ($1, $2, $3, $4, $5)[0m  [["id", 50], ["id", 49], ["id", 48], ["id", 47], ["id", 46]]
  ↳ app/controllers/api/dashboard_controller.rb:24:in `map'
Completed 200 OK in 93ms (Views: 1.0ms | ActiveRecord: 16.1ms | Allocations: 18989)


Started GET "/api/leads?q=" for ::1 at 2026-05-02 18:06:57 +0500
Processing by Api::LeadsController#index as HTML
  Parameters: {"q"=>""}
  [1m[36mUser Load (0.5ms)[0m  [1m[34mSELECT "users".* FROM "users" WHERE "users"."id" = $1 LIMIT $2[0m  [["id", 4], ["LIMIT", 1]]
  ↳ app/controllers/application_controller.rb:14:in `authenticate_user!'
  [1m[36mWorkspace Load (0.3ms)[0m  [1m[34mSELECT "workspaces".* FROM "workspaces" WHERE "workspaces"."id" = $1[0m  [["id", 2]]
  ↳ app/controllers/application_controller.rb:14:in `authenticate_user!'
  [1m[36mLead Load (2.3ms)[0m  [1m[34mSELECT "leads".* FROM "leads" WHERE "leads"."workspace_id" = $1 ORDER BY "leads"."created_at" DESC[0m  [["workspace_id", 2]]
  ↳ app/controllers/api/leads_controller.rb:13:in `map'
  [1m[36mUser Load (0.5ms)[0m  [1m[34mSELECT "users".* FROM "users" WHERE "users"."id" IN ($1, $2, $3)[0m  [["id", 4], ["id", 6], ["id", 5]]
  ↳ app/controllers/api/leads_controller.rb:13:in `map'
Completed 200 OK in 23ms (Views: 1.9ms | ActiveRecord: 3.4ms | Allocations: 5582)


Started GET "/api/leads?q=" for ::1 at 2026-05-02 18:06:57 +0500
Processing by Api::LeadsController#index as HTML
  Parameters: {"q"=>""}
  [1m[36mUser Load (0.3ms)[0m  [1m[34mSELECT "users".* FROM "users" WHERE "users"."id" = $1 LIMIT $2[0m  [["id", 4], ["LIMIT", 1]]
  ↳ app/controllers/application_controller.rb:14:in `authenticate_user!'
  [1m[36mWorkspace Load (0.7ms)[0m  [1m[34mSELECT "workspaces".* FROM "workspaces" WHERE "workspaces"."id" = $1[0m  [["id", 2]]
  ↳ app/controllers/application_controller.rb:14:in `authenticate_user!'
  [1m[36mLead Load (0.5ms)[0m  [1m[34mSELECT "leads".* FROM "leads" WHERE "leads"."workspace_id" = $1 ORDER BY "leads"."created_at" DESC[0m  [["workspace_id", 2]]
  ↳ app/controllers/api/leads_controller.rb:13:in `map'
  [1m[36mUser Load (0.5ms)[0m  [1m[34mSELECT "users".* FROM "users" WHERE "users"."id" IN ($1, $2, $3)[0m  [["id", 4], ["id", 6], ["id", 5]]
  ↳ app/controllers/api/leads_controller.rb:13:in `map'
Completed 200 OK in 26ms (Views: 3.9ms | ActiveRecord: 2.0ms | Allocations: 5578)


Started GET "/api/dashboard/summary" for ::1 at 2026-05-02 18:09:12 +0500
Processing by Api::DashboardController#summary as HTML
  [1m[36mUser Load (0.3ms)[0m  [1m[34mSELECT "users".* FROM "users" WHERE "users"."id" = $1 LIMIT $2[0m  [["id", 4], ["LIMIT", 1]]
  ↳ app/controllers/application_controller.rb:14:in `authenticate_user!'
  [1m[36mWorkspace Load (1.1ms)[0m  [1m[34mSELECT "workspaces".* FROM "workspaces" WHERE "workspaces"."id" = $1[0m  [["id", 2]]
  ↳ app/controllers/application_controller.rb:14:in `authenticate_user!'
  [1m[36mLead Count (0.5ms)[0m  [1m[34mSELECT COUNT(*) FROM "leads" WHERE "leads"."workspace_id" = $1[0m  [["workspace_id", 2]]
  ↳ app/controllers/api/dashboard_controller.rb:5:in `summary'
  [1m[36mLead Count (2.9ms)[0m  [1m[34mSELECT COUNT(*) FROM "leads" WHERE "leads"."workspace_id" = $1 AND "leads"."status" = $2[0m  [["workspace_id", 2], ["status", "Won"]]
  ↳ app/controllers/api/dashboard_controller.rb:6:in `summary'
  [1m[36mLead Count (1.4ms)[0m  [1m[34mSELECT COUNT(*) FROM "leads" WHERE "leads"."workspace_id" = $1 AND "leads"."status" = $2[0m  [["workspace_id", 2], ["status", "Lost"]]
  ↳ app/controllers/api/dashboard_controller.rb:7:in `summary'
  [1m[36mLead Sum (0.8ms)[0m  [1m[34mSELECT SUM("leads"."estimated_value") FROM "leads" WHERE "leads"."workspace_id" = $1 AND "leads"."status" NOT IN ($2, $3)[0m  [["workspace_id", 2], ["status", "Won"], ["status", "Lost"]]
  ↳ app/controllers/api/dashboard_controller.rb:8:in `summary'
  [1m[36mLead Count (0.6ms)[0m  [1m[34mSELECT COUNT(*) FROM "leads" WHERE "leads"."workspace_id" = $1 AND "leads"."status" = $2[0m  [["workspace_id", 2], ["status", "New"]]
  ↳ app/controllers/api/dashboard_controller.rb:13:in `summary'
  [1m[36mLead Count (0.5ms)[0m  [1m[34mSELECT COUNT(*) FROM "leads" WHERE "leads"."workspace_id" = $1 AND "leads"."next_follow_up_at" BETWEEN $2 AND $3[0m  [["workspace_id", 2], ["next_follow_up_at", "2026-05-02 13:09:12.473323"], ["next_follow_up_at", "2026-05-09 13:09:12.473347"]]
  ↳ app/controllers/api/dashboard_controller.rb:18:in `summary'
  [1m[36mCACHE Lead Count (0.0ms)[0m  [1m[34mSELECT COUNT(*) FROM "leads" WHERE "leads"."workspace_id" = $1 AND "leads"."status" = $2[0m  [["workspace_id", 2], ["status", "New"]]
  ↳ app/controllers/api/dashboard_controller.rb:20:in `block in summary'
  [1m[36mLead Count (0.4ms)[0m  [1m[34mSELECT COUNT(*) FROM "leads" WHERE "leads"."workspace_id" = $1 AND "leads"."status" = $2[0m  [["workspace_id", 2], ["status", "Contacted"]]
  ↳ app/controllers/api/dashboard_controller.rb:20:in `block in summary'
  [1m[36mLead Count (0.4ms)[0m  [1m[34mSELECT COUNT(*) FROM "leads" WHERE "leads"."workspace_id" = $1 AND "leads"."status" = $2[0m  [["workspace_id", 2], ["status", "Qualified"]]
  ↳ app/controllers/api/dashboard_controller.rb:20:in `block in summary'
  [1m[36mLead Count (0.4ms)[0m  [1m[34mSELECT COUNT(*) FROM "leads" WHERE "leads"."workspace_id" = $1 AND "leads"."status" = $2[0m  [["workspace_id", 2], ["status", "Proposal Sent"]]
  ↳ app/controllers/api/dashboard_controller.rb:20:in `block in summary'
  [1m[36mCACHE Lead Count (0.0ms)[0m  [1m[34mSELECT COUNT(*) FROM "leads" WHERE "leads"."workspace_id" = $1 AND "leads"."status" = $2[0m  [["workspace_id", 2], ["status", "Won"]]
  ↳ app/controllers/api/dashboard_controller.rb:20:in `block in summary'
  [1m[36mCACHE Lead Count (0.0ms)[0m  [1m[34mSELECT COUNT(*) FROM "leads" WHERE "leads"."workspace_id" = $1 AND "leads"."status" = $2[0m  [["workspace_id", 2], ["status", "Lost"]]
  ↳ app/controllers/api/dashboard_controller.rb:20:in `block in summary'
  [1m[36mLead Count (0.4ms)[0m  [1m[34mSELECT COUNT(*) FROM "leads" WHERE "leads"."workspace_id" = $1 AND "leads"."created_at" BETWEEN $2 AND $3[0m  [["workspace_id", 2], ["created_at", "2025-11-01 00:00:00"], ["created_at", "2025-11-30 23:59:59.999999"]]
  ↳ app/controllers/api/dashboard_controller.rb:39:in `block in monthly_leads'
  [1m[36mLead Count (1.8ms)[0m  [1m[34mSELECT COUNT(*) FROM "leads" WHERE "leads"."workspace_id" = $1 AND "leads"."created_at" BETWEEN $2 AND $3[0m  [["workspace_id", 2], ["created_at", "2025-12-01 00:00:00"], ["created_at", "2025-12-31 23:59:59.999999"]]
  ↳ app/controllers/api/dashboard_controller.rb:39:in `block in monthly_leads'
  [1m[36mLead Count (0.8ms)[0m  [1m[34mSELECT COUNT(*) FROM "leads" WHERE "leads"."workspace_id" = $1 AND "leads"."created_at" BETWEEN $2 AND $3[0m  [["workspace_id", 2], ["created_at", "2026-01-01 00:00:00"], ["created_at", "2026-01-31 23:59:59.999999"]]
  ↳ app/controllers/api/dashboard_controller.rb:39:in `block in monthly_leads'
  [1m[36mLead Count (0.4ms)[0m  [1m[34mSELECT COUNT(*) FROM "leads" WHERE "leads"."workspace_id" = $1 AND "leads"."created_at" BETWEEN $2 AND $3[0m  [["workspace_id", 2], ["created_at", "2026-02-01 00:00:00"], ["created_at", "2026-02-28 23:59:59.999999"]]
  ↳ app/controllers/api/dashboard_controller.rb:39:in `block in monthly_leads'
  [1m[36mLead Count (0.5ms)[0m  [1m[34mSELECT COUNT(*) FROM "leads" WHERE "leads"."workspace_id" = $1 AND "leads"."created_at" BETWEEN $2 AND $3[0m  [["workspace_id", 2], ["created_at", "2026-03-01 00:00:00"], ["created_at", "2026-03-31 23:59:59.999999"]]
  ↳ app/controllers/api/dashboard_controller.rb:39:in `block in monthly_leads'
  [1m[36mLead Count (0.5ms)[0m  [1m[34mSELECT COUNT(*) FROM "leads" WHERE "leads"."workspace_id" = $1 AND "leads"."created_at" BETWEEN $2 AND $3[0m  [["workspace_id", 2], ["created_at", "2026-04-01 00:00:00"], ["created_at", "2026-04-30 23:59:59.999999"]]
  ↳ app/controllers/api/dashboard_controller.rb:39:in `block in monthly_leads'
  [1m[36mLead Count (0.6ms)[0m  [1m[34mSELECT COUNT(*) FROM "leads" WHERE "leads"."workspace_id" = $1 AND "leads"."created_at" BETWEEN $2 AND $3[0m  [["workspace_id", 2], ["created_at", "2026-05-01 00:00:00"], ["created_at", "2026-05-31 23:59:59.999999"]]
  ↳ app/controllers/api/dashboard_controller.rb:39:in `block in monthly_leads'
  [1m[36mLead Load (0.6ms)[0m  [1m[34mSELECT "leads".* FROM "leads" WHERE "leads"."workspace_id" = $1 AND "leads"."next_follow_up_at" BETWEEN $2 AND $3 ORDER BY "leads"."next_follow_up_at" ASC LIMIT $4[0m  [["workspace_id", 2], ["next_follow_up_at", "2026-05-02 13:09:12.508868"], ["next_follow_up_at", "2026-05-16 13:09:12.508891"], ["LIMIT", 6]]
  ↳ app/controllers/api/dashboard_controller.rb:23:in `map'
  [1m[36mUser Load (0.4ms)[0m  [1m[34mSELECT "users".* FROM "users" WHERE "users"."id" IN ($1, $2, $3)[0m  [["id", 4], ["id", 5], ["id", 6]]
  ↳ app/controllers/api/dashboard_controller.rb:23:in `map'
  [1m[36mActivityLog Load (0.4ms)[0m  [1m[34mSELECT "activity_logs".* FROM "activity_logs" WHERE "activity_logs"."workspace_id" = $1 ORDER BY "activity_logs"."created_at" DESC LIMIT $2[0m  [["workspace_id", 2], ["LIMIT", 10]]
  ↳ app/controllers/api/dashboard_controller.rb:24:in `map'
  [1m[36mUser Load (0.4ms)[0m  [1m[34mSELECT "users".* FROM "users" WHERE "users"."id" IN ($1, $2, $3)[0m  [["id", 5], ["id", 4], ["id", 6]]
  ↳ app/controllers/api/dashboard_controller.rb:24:in `map'
  [1m[36mLead Load (0.6ms)[0m  [1m[34mSELECT "leads".* FROM "leads" WHERE "leads"."id" IN ($1, $2, $3, $4, $5)[0m  [["id", 50], ["id", 49], ["id", 48], ["id", 47], ["id", 46]]
  ↳ app/controllers/api/dashboard_controller.rb:24:in `map'
Completed 200 OK in 85ms (Views: 1.0ms | ActiveRecord: 16.2ms | Allocations: 18989)


Started GET "/api/dashboard/summary" for ::1 at 2026-05-02 18:09:12 +0500
Processing by Api::DashboardController#summary as HTML
  [1m[36mUser Load (0.2ms)[0m  [1m[34mSELECT "users".* FROM "users" WHERE "users"."id" = $1 LIMIT $2[0m  [["id", 4], ["LIMIT", 1]]
  ↳ app/controllers/application_controller.rb:14:in `authenticate_user!'
  [1m[36mWorkspace Load (0.3ms)[0m  [1m[34mSELECT "workspaces".* FROM "workspaces" WHERE "workspaces"."id" = $1[0m  [["id", 2]]
  ↳ app/controllers/application_controller.rb:14:in `authenticate_user!'
  [1m[36mLead Count (0.7ms)[0m  [1m[34mSELECT COUNT(*) FROM "leads" WHERE "leads"."workspace_id" = $1[0m  [["workspace_id", 2]]
  ↳ app/controllers/api/dashboard_controller.rb:5:in `summary'
  [1m[36mLead Count (0.5ms)[0m  [1m[34mSELECT COUNT(*) FROM "leads" WHERE "leads"."workspace_id" = $1 AND "leads"."status" = $2[0m  [["workspace_id", 2], ["status", "Won"]]
  ↳ app/controllers/api/dashboard_controller.rb:6:in `summary'
  [1m[36mLead Count (0.4ms)[0m  [1m[34mSELECT COUNT(*) FROM "leads" WHERE "leads"."workspace_id" = $1 AND "leads"."status" = $2[0m  [["workspace_id", 2], ["status", "Lost"]]
  ↳ app/controllers/api/dashboard_controller.rb:7:in `summary'
  [1m[36mLead Sum (0.4ms)[0m  [1m[34mSELECT SUM("leads"."estimated_value") FROM "leads" WHERE "leads"."workspace_id" = $1 AND "leads"."status" NOT IN ($2, $3)[0m  [["workspace_id", 2], ["status", "Won"], ["status", "Lost"]]
  ↳ app/controllers/api/dashboard_controller.rb:8:in `summary'
  [1m[36mLead Count (0.4ms)[0m  [1m[34mSELECT COUNT(*) FROM "leads" WHERE "leads"."workspace_id" = $1 AND "leads"."status" = $2[0m  [["workspace_id", 2], ["status", "New"]]
  ↳ app/controllers/api/dashboard_controller.rb:13:in `summary'
  [1m[36mLead Count (0.4ms)[0m  [1m[34mSELECT COUNT(*) FROM "leads" WHERE "leads"."workspace_id" = $1 AND "leads"."next_follow_up_at" BETWEEN $2 AND $3[0m  [["workspace_id", 2], ["next_follow_up_at", "2026-05-02 13:09:12.550465"], ["next_follow_up_at", "2026-05-09 13:09:12.550495"]]
  ↳ app/controllers/api/dashboard_controller.rb:18:in `summary'
  [1m[36mCACHE Lead Count (0.0ms)[0m  [1m[34mSELECT COUNT(*) FROM "leads" WHERE "leads"."workspace_id" = $1 AND "leads"."status" = $2[0m  [["workspace_id", 2], ["status", "New"]]
  ↳ app/controllers/api/dashboard_controller.rb:20:in `block in summary'
  [1m[36mLead Count (0.6ms)[0m  [1m[34mSELECT COUNT(*) FROM "leads" WHERE "leads"."workspace_id" = $1 AND "leads"."status" = $2[0m  [["workspace_id", 2], ["status", "Contacted"]]
  ↳ app/controllers/api/dashboard_controller.rb:20:in `block in summary'
  [1m[36mLead Count (2.3ms)[0m  [1m[34mSELECT COUNT(*) FROM "leads" WHERE "leads"."workspace_id" = $1 AND "leads"."status" = $2[0m  [["workspace_id", 2], ["status", "Qualified"]]
  ↳ app/controllers/api/dashboard_controller.rb:20:in `block in summary'
  [1m[36mLead Count (1.9ms)[0m  [1m[34mSELECT COUNT(*) FROM "leads" WHERE "leads"."workspace_id" = $1 AND "leads"."status" = $2[0m  [["workspace_id", 2], ["status", "Proposal Sent"]]
  ↳ app/controllers/api/dashboard_controller.rb:20:in `block in summary'
  [1m[36mCACHE Lead Count (0.0ms)[0m  [1m[34mSELECT COUNT(*) FROM "leads" WHERE "leads"."workspace_id" = $1 AND "leads"."status" = $2[0m  [["workspace_id", 2], ["status", "Won"]]
  ↳ app/controllers/api/dashboard_controller.rb:20:in `block in summary'
  [1m[36mCACHE Lead Count (0.0ms)[0m  [1m[34mSELECT COUNT(*) FROM "leads" WHERE "leads"."workspace_id" = $1 AND "leads"."status" = $2[0m  [["workspace_id", 2], ["status", "Lost"]]
  ↳ app/controllers/api/dashboard_controller.rb:20:in `block in summary'
  [1m[36mLead Count (0.5ms)[0m  [1m[34mSELECT COUNT(*) FROM "leads" WHERE "leads"."workspace_id" = $1 AND "leads"."created_at" BETWEEN $2 AND $3[0m  [["workspace_id", 2], ["created_at", "2025-11-01 00:00:00"], ["created_at", "2025-11-30 23:59:59.999999"]]
  ↳ app/controllers/api/dashboard_controller.rb:39:in `block in monthly_leads'
  [1m[36mLead Count (1.6ms)[0m  [1m[34mSELECT COUNT(*) FROM "leads" WHERE "leads"."workspace_id" = $1 AND "leads"."created_at" BETWEEN $2 AND $3[0m  [["workspace_id", 2], ["created_at", "2025-12-01 00:00:00"], ["created_at", "2025-12-31 23:59:59.999999"]]
  ↳ app/controllers/api/dashboard_controller.rb:39:in `block in monthly_leads'
  [1m[36mLead Count (0.5ms)[0m  [1m[34mSELECT COUNT(*) FROM "leads" WHERE "leads"."workspace_id" = $1 AND "leads"."created_at" BETWEEN $2 AND $3[0m  [["workspace_id", 2], ["created_at", "2026-01-01 00:00:00"], ["created_at", "2026-01-31 23:59:59.999999"]]
  ↳ app/controllers/api/dashboard_controller.rb:39:in `block in monthly_leads'
  [1m[36mLead Count (1.0ms)[0m  [1m[34mSELECT COUNT(*) FROM "leads" WHERE "leads"."workspace_id" = $1 AND "leads"."created_at" BETWEEN $2 AND $3[0m  [["workspace_id", 2], ["created_at", "2026-02-01 00:00:00"], ["created_at", "2026-02-28 23:59:59.999999"]]
  ↳ app/controllers/api/dashboard_controller.rb:39:in `block in monthly_leads'
  [1m[36mLead Count (0.4ms)[0m  [1m[34mSELECT COUNT(*) FROM "leads" WHERE "leads"."workspace_id" = $1 AND "leads"."created_at" BETWEEN $2 AND $3[0m  [["workspace_id", 2], ["created_at", "2026-03-01 00:00:00"], ["created_at", "2026-03-31 23:59:59.999999"]]
  ↳ app/controllers/api/dashboard_controller.rb:39:in `block in monthly_leads'
  [1m[36mLead Count (0.6ms)[0m  [1m[34mSELECT COUNT(*) FROM "leads" WHERE "leads"."workspace_id" = $1 AND "leads"."created_at" BETWEEN $2 AND $3[0m  [["workspace_id", 2], ["created_at", "2026-04-01 00:00:00"], ["created_at", "2026-04-30 23:59:59.999999"]]
  ↳ app/controllers/api/dashboard_controller.rb:39:in `block in monthly_leads'
  [1m[36mLead Count (1.2ms)[0m  [1m[34mSELECT COUNT(*) FROM "leads" WHERE "leads"."workspace_id" = $1 AND "leads"."created_at" BETWEEN $2 AND $3[0m  [["workspace_id", 2], ["created_at", "2026-05-01 00:00:00"], ["created_at", "2026-05-31 23:59:59.999999"]]
  ↳ app/controllers/api/dashboard_controller.rb:39:in `block in monthly_leads'
  [1m[36mLead Load (0.5ms)[0m  [1m[34mSELECT "leads".* FROM "leads" WHERE "leads"."workspace_id" = $1 AND "leads"."next_follow_up_at" BETWEEN $2 AND $3 ORDER BY "leads"."next_follow_up_at" ASC LIMIT $4[0m  [["workspace_id", 2], ["next_follow_up_at", "2026-05-02 13:09:12.595990"], ["next_follow_up_at", "2026-05-16 13:09:12.596022"], ["LIMIT", 6]]
  ↳ app/controllers/api/dashboard_controller.rb:23:in `map'
  [1m[36mUser Load (0.4ms)[0m  [1m[34mSELECT "users".* FROM "users" WHERE "users"."id" IN ($1, $2, $3)[0m  [["id", 4], ["id", 5], ["id", 6]]
  ↳ app/controllers/api/dashboard_controller.rb:23:in `map'
  [1m[36mActivityLog Load (0.8ms)[0m  [1m[34mSELECT "activity_logs".* FROM "activity_logs" WHERE "activity_logs"."workspace_id" = $1 ORDER BY "activity_logs"."created_at" DESC LIMIT $2[0m  [["workspace_id", 2], ["LIMIT", 10]]
  ↳ app/controllers/api/dashboard_controller.rb:24:in `map'
  [1m[36mUser Load (0.5ms)[0m  [1m[34mSELECT "users".* FROM "users" WHERE "users"."id" IN ($1, $2, $3)[0m  [["id", 5], ["id", 4], ["id", 6]]
  ↳ app/controllers/api/dashboard_controller.rb:24:in `map'
  [1m[36mLead Load (0.5ms)[0m  [1m[34mSELECT "leads".* FROM "leads" WHERE "leads"."id" IN ($1, $2, $3, $4, $5)[0m  [["id", 50], ["id", 49], ["id", 48], ["id", 47], ["id", 46]]
  ↳ app/controllers/api/dashboard_controller.rb:24:in `map'
Completed 200 OK in 83ms (Views: 1.4ms | ActiveRecord: 16.4ms | Allocations: 18989)


